solid 
   facet normal 2.372583e-16 2.605189e-16 -1.000000e+00
      outer loop
         vertex 7.071068e+00 5.656854e+01 0.000000e+00
         vertex 3.535534e+00 6.717515e+01 1.924387e-15
         vertex 6.717515e+01 3.535534e+00 4.440892e-16
      endloop
   endfacet
   facet normal -4.186912e-17 2.233020e-16 -1.000000e+00
      outer loop
         vertex -7.071068e+00 5.656854e+01 0.000000e+00
         vertex -3.535534e+00 6.717515e+01 2.220446e-15
         vertex 3.535534e+00 6.717515e+01 1.924387e-15
      endloop
   endfacet
   facet normal -4.524190e-16 4.361366e-16 -1.000000e+00
      outer loop
         vertex -5.656854e+01 7.071068e+00 0.000000e+00
         vertex -6.717515e+01 3.535534e+00 3.256654e-15
         vertex -3.535534e+00 6.717515e+01 2.220446e-15
      endloop
   endfacet
   facet normal -3.070402e-16 0.000000e+00 -1.000000e+00
      outer loop
         vertex -5.656854e+01 7.071068e+00 0.000000e+00
         vertex -6.717515e+01 -3.535534e+00 3.256654e-15
         vertex -6.717515e+01 3.535534e+00 3.256654e-15
      endloop
   endfacet
   facet normal -4.186914e-17 1.395637e-17 -1.000000e+00
      outer loop
         vertex -7.071068e+00 -5.656854e+01 0.000000e+00
         vertex -3.535534e+00 -6.717515e+01 -2.960595e-16
         vertex -6.717515e+01 -3.535534e+00 3.256654e-15
      endloop
   endfacet
   facet normal 0.000000e+00 2.791275e-17 -1.000000e+00
      outer loop
         vertex 7.071068e+00 -5.656854e+01 0.000000e+00
         vertex 3.535534e+00 -6.717515e+01 -2.960595e-16
         vertex -3.535534e+00 -6.717515e+01 -2.960595e-16
      endloop
   endfacet
   facet normal 5.698851e-17 -4.535820e-17 -1.000000e+00
      outer loop
         vertex 5.656854e+01 -7.071068e+00 0.000000e+00
         vertex 6.717515e+01 -3.535534e+00 4.440892e-16
         vertex 3.535534e+00 -6.717515e+01 -2.960595e-16
      endloop
   endfacet
   facet normal 4.186912e-17 0.000000e+00 -1.000000e+00
      outer loop
         vertex 5.656854e+01 7.071068e+00 0.000000e+00
         vertex 6.717515e+01 3.535534e+00 4.440892e-16
         vertex 6.717515e+01 -3.535534e+00 4.440892e-16
      endloop
   endfacet
   facet normal -3.140183e-16 3.140183e-16 -1.000000e+00
      outer loop
         vertex -3.535534e+00 6.717515e+01 2.220446e-15
         vertex -7.071068e+00 5.656854e+01 0.000000e+00
         vertex -5.656854e+01 7.071068e+00 0.000000e+00
      endloop
   endfacet
   facet normal 0.000000e+00 1.814328e-16 -1.000000e+00
      outer loop
         vertex 3.535534e+00 6.717515e+01 1.924387e-15
         vertex 7.071068e+00 5.656854e+01 0.000000e+00
         vertex -7.071068e+00 5.656854e+01 0.000000e+00
      endloop
   endfacet
   facet normal 6.280366e-17 6.280366e-17 -1.000000e+00
      outer loop
         vertex 6.717515e+01 3.535534e+00 4.440892e-16
         vertex 5.656854e+01 7.071068e+00 0.000000e+00
         vertex 7.071068e+00 5.656854e+01 0.000000e+00
      endloop
   endfacet
   facet normal 4.186912e-17 0.000000e+00 -1.000000e+00
      outer loop
         vertex 6.717515e+01 -3.535534e+00 4.440892e-16
         vertex 5.656854e+01 -7.071068e+00 0.000000e+00
         vertex 5.656854e+01 7.071068e+00 0.000000e+00
      endloop
   endfacet
   facet normal -4.186911e-17 4.186911e-17 -1.000000e+00
      outer loop
         vertex 3.535534e+00 -6.717515e+01 -2.960595e-16
         vertex 7.071068e+00 -5.656854e+01 0.000000e+00
         vertex 5.656854e+01 -7.071068e+00 0.000000e+00
      endloop
   endfacet
   facet normal 0.000000e+00 2.791275e-17 -1.000000e+00
      outer loop
         vertex -3.535534e+00 -6.717515e+01 -2.960595e-16
         vertex -7.071068e+00 -5.656854e+01 0.000000e+00
         vertex 7.071068e+00 -5.656854e+01 0.000000e+00
      endloop
   endfacet
   facet normal -4.605602e-16 -4.605602e-16 -1.000000e+00
      outer loop
         vertex -6.717515e+01 -3.535534e+00 3.256654e-15
         vertex -5.656854e+01 -7.071068e+00 0.000000e+00
         vertex -7.071068e+00 -5.656854e+01 0.000000e+00
      endloop
   endfacet
   facet normal -3.070402e-16 -0.000000e+00 -1.000000e+00
      outer loop
         vertex -6.717515e+01 -3.535534e+00 3.256654e-15
         vertex -5.656854e+01 7.071068e+00 0.000000e+00
         vertex -5.656854e+01 -7.071068e+00 0.000000e+00
      endloop
   endfacet
   facet normal 0.000000e+00 -0.000000e+00 1.000000e+00
      outer loop
         vertex -6.217514e+01 -8.535534e+00 5.000000e+00
         vertex -8.535534e+00 -6.217514e+01 5.000000e+00
         vertex -7.071068e+00 -5.656854e+01 5.000000e+00
      endloop
   endfacet
   facet normal 0.000000e+00 0.000000e+00 1.000000e+00
      outer loop
         vertex -8.535534e+00 -6.217514e+01 5.000000e+00
         vertex 8.535534e+00 -6.217514e+01 5.000000e+00
         vertex -7.071068e+00 -5.656854e+01 5.000000e+00
      endloop
   endfacet
   facet normal 0.000000e+00 0.000000e+00 1.000000e+00
      outer loop
         vertex 8.535534e+00 -6.217514e+01 5.000000e+00
         vertex 6.217514e+01 -8.535534e+00 5.000000e+00
         vertex 5.656854e+01 -7.071068e+00 5.000000e+00
      endloop
   endfacet
   facet normal 0.000000e+00 0.000000e+00 1.000000e+00
      outer loop
         vertex 6.217514e+01 -8.535534e+00 5.000000e+00
         vertex 6.217514e+01 8.535534e+00 5.000000e+00
         vertex 5.656854e+01 7.071068e+00 5.000000e+00
      endloop
   endfacet
   facet normal 0.000000e+00 0.000000e+00 1.000000e+00
      outer loop
         vertex 6.217514e+01 8.535534e+00 5.000000e+00
         vertex 8.535534e+00 6.217514e+01 5.000000e+00
         vertex 7.071068e+00 5.656854e+01 5.000000e+00
      endloop
   endfacet
   facet normal -0.000000e+00 0.000000e+00 1.000000e+00
      outer loop
         vertex 8.535534e+00 6.217514e+01 5.000000e+00
         vertex -8.535534e+00 6.217514e+01 5.000000e+00
         vertex -7.071068e+00 5.656854e+01 5.000000e+00
      endloop
   endfacet
   facet normal -0.000000e+00 0.000000e+00 1.000000e+00
      outer loop
         vertex -8.535534e+00 6.217514e+01 5.000000e+00
         vertex -6.217514e+01 8.535534e+00 5.000000e+00
         vertex -5.656854e+01 7.071068e+00 5.000000e+00
      endloop
   endfacet
   facet normal 0.000000e+00 0.000000e+00 1.000000e+00
      outer loop
         vertex -6.217514e+01 8.535534e+00 5.000000e+00
         vertex -6.217514e+01 -8.535534e+00 5.000000e+00
         vertex -5.656854e+01 -7.071068e+00 5.000000e+00
      endloop
   endfacet
   facet normal 0.000000e+00 0.000000e+00 1.000000e+00
      outer loop
         vertex -7.071068e+00 -5.656854e+01 5.000000e+00
         vertex -5.656854e+01 -7.071068e+00 5.000000e+00
         vertex -6.217514e+01 -8.535534e+00 5.000000e+00
      endloop
   endfacet
   facet normal 0.000000e+00 0.000000e+00 1.000000e+00
      outer loop
         vertex -5.656854e+01 -7.071068e+00 5.000000e+00
         vertex -5.656854e+01 7.071068e+00 5.000000e+00
         vertex -6.217514e+01 8.535534e+00 5.000000e+00
      endloop
   endfacet
   facet normal 0.000000e+00 0.000000e+00 1.000000e+00
      outer loop
         vertex -5.656854e+01 7.071068e+00 5.000000e+00
         vertex -7.071068e+00 5.656854e+01 5.000000e+00
         vertex -8.535534e+00 6.217514e+01 5.000000e+00
      endloop
   endfacet
   facet normal 0.000000e+00 -0.000000e+00 1.000000e+00
      outer loop
         vertex -7.071068e+00 5.656854e+01 5.000000e+00
         vertex 7.071068e+00 5.656854e+01 5.000000e+00
         vertex 8.535534e+00 6.217514e+01 5.000000e+00
      endloop
   endfacet
   facet normal 0.000000e+00 -0.000000e+00 1.000000e+00
      outer loop
         vertex 7.071068e+00 5.656854e+01 5.000000e+00
         vertex 5.656854e+01 7.071068e+00 5.000000e+00
         vertex 6.217514e+01 8.535534e+00 5.000000e+00
      endloop
   endfacet
   facet normal -0.000000e+00 0.000000e+00 1.000000e+00
      outer loop
         vertex 5.656854e+01 7.071068e+00 5.000000e+00
         vertex 5.656854e+01 -7.071068e+00 5.000000e+00
         vertex 6.217514e+01 -8.535534e+00 5.000000e+00
      endloop
   endfacet
   facet normal -0.000000e+00 0.000000e+00 1.000000e+00
      outer loop
         vertex 5.656854e+01 -7.071068e+00 5.000000e+00
         vertex 7.071068e+00 -5.656854e+01 5.000000e+00
         vertex 8.535534e+00 -6.217514e+01 5.000000e+00
      endloop
   endfacet
   facet normal -0.000000e+00 0.000000e+00 1.000000e+00
      outer loop
         vertex 7.071068e+00 -5.656854e+01 5.000000e+00
         vertex -7.071068e+00 -5.656854e+01 5.000000e+00
         vertex 8.535534e+00 -6.217514e+01 5.000000e+00
      endloop
   endfacet
   facet normal -7.071068e-01 -7.071068e-01 0.000000e+00
      outer loop
         vertex 7.071068e+00 5.656854e+01 5.000000e+00
         vertex 7.071068e+00 5.656854e+01 0.000000e+00
         vertex 5.656854e+01 7.071068e+00 0.000000e+00
      endloop
   endfacet
   facet normal -7.071068e-01 -7.071068e-01 -0.000000e+00
      outer loop
         vertex 5.656854e+01 7.071068e+00 0.000000e+00
         vertex 5.656854e+01 7.071068e+00 5.000000e+00
         vertex 7.071068e+00 5.656854e+01 5.000000e+00
      endloop
   endfacet
   facet normal -7.071068e-01 7.071068e-01 0.000000e+00
      outer loop
         vertex 5.656854e+01 -7.071068e+00 5.000000e+00
         vertex 5.656854e+01 -7.071068e+00 0.000000e+00
         vertex 7.071068e+00 -5.656854e+01 0.000000e+00
      endloop
   endfacet
   facet normal -7.071068e-01 7.071068e-01 0.000000e+00
      outer loop
         vertex 7.071068e+00 -5.656854e+01 0.000000e+00
         vertex 7.071068e+00 -5.656854e+01 5.000000e+00
         vertex 5.656854e+01 -7.071068e+00 5.000000e+00
      endloop
   endfacet
   facet normal 7.071068e-01 7.071068e-01 -0.000000e+00
      outer loop
         vertex -7.071068e+00 -5.656854e+01 5.000000e+00
         vertex -7.071068e+00 -5.656854e+01 0.000000e+00
         vertex -5.656854e+01 -7.071068e+00 0.000000e+00
      endloop
   endfacet
   facet normal 7.071068e-01 7.071068e-01 0.000000e+00
      outer loop
         vertex -5.656854e+01 -7.071068e+00 0.000000e+00
         vertex -5.656854e+01 -7.071068e+00 5.000000e+00
         vertex -7.071068e+00 -5.656854e+01 5.000000e+00
      endloop
   endfacet
   facet normal 7.071068e-01 -7.071068e-01 0.000000e+00
      outer loop
         vertex -7.071068e+00 5.656854e+01 0.000000e+00
         vertex -7.071068e+00 5.656854e+01 5.000000e+00
         vertex -5.656854e+01 7.071068e+00 5.000000e+00
      endloop
   endfacet
   facet normal 7.071068e-01 -7.071068e-01 0.000000e+00
      outer loop
         vertex -5.656854e+01 7.071068e+00 5.000000e+00
         vertex -5.656854e+01 7.071068e+00 0.000000e+00
         vertex -7.071068e+00 5.656854e+01 0.000000e+00
      endloop
   endfacet
   facet normal -7.071068e-01 -7.071068e-01 5.394797e-07
      outer loop
         vertex -6.717515e+01 -3.535534e+00 3.256654e-15
         vertex -3.535534e+00 -6.717515e+01 -2.960595e-16
         vertex -8.535534e+00 -6.217514e+01 5.000000e+00
      endloop
   endfacet
   facet normal -7.071068e-01 -7.071068e-01 5.394797e-07
      outer loop
         vertex -8.535534e+00 -6.217514e+01 5.000000e+00
         vertex -6.217514e+01 -8.535534e+00 5.000000e+00
         vertex -6.717515e+01 -3.535534e+00 3.256654e-15
      endloop
   endfacet
   facet normal -7.071068e-01 7.071068e-01 5.394797e-07
      outer loop
         vertex -3.535534e+00 6.717515e+01 2.220446e-15
         vertex -6.717515e+01 3.535534e+00 3.256654e-15
         vertex -6.217514e+01 8.535534e+00 5.000000e+00
      endloop
   endfacet
   facet normal -7.071068e-01 7.071068e-01 5.394797e-07
      outer loop
         vertex -6.217514e+01 8.535534e+00 5.000000e+00
         vertex -8.535534e+00 6.217514e+01 5.000000e+00
         vertex -3.535534e+00 6.717515e+01 2.220446e-15
      endloop
   endfacet
   facet normal 7.071068e-01 7.071068e-01 5.394797e-07
      outer loop
         vertex 6.717515e+01 3.535534e+00 4.440892e-16
         vertex 3.535534e+00 6.717515e+01 1.924387e-15
         vertex 8.535534e+00 6.217514e+01 5.000000e+00
      endloop
   endfacet
   facet normal 7.071068e-01 7.071068e-01 5.394797e-07
      outer loop
         vertex 8.535534e+00 6.217514e+01 5.000000e+00
         vertex 6.217514e+01 8.535534e+00 5.000000e+00
         vertex 6.717515e+01 3.535534e+00 4.440892e-16
      endloop
   endfacet
   facet normal 7.071068e-01 -7.071068e-01 5.394797e-07
      outer loop
         vertex 6.217514e+01 -8.535534e+00 5.000000e+00
         vertex 8.535534e+00 -6.217514e+01 5.000000e+00
         vertex 3.535534e+00 -6.717515e+01 -2.960595e-16
      endloop
   endfacet
   facet normal 7.071068e-01 -7.071068e-01 5.394797e-07
      outer loop
         vertex 3.535534e+00 -6.717515e+01 -2.960595e-16
         vertex 6.717515e+01 -3.535534e+00 4.440892e-16
         vertex 6.217514e+01 -8.535534e+00 5.000000e+00
      endloop
   endfacet
   facet normal 0.000000e+00 -1.000000e+00 0.000000e+00
      outer loop
         vertex -7.071068e+00 5.656854e+01 0.000000e+00
         vertex 7.071068e+00 5.656854e+01 0.000000e+00
         vertex 7.071068e+00 5.656854e+01 5.000000e+00
      endloop
   endfacet
   facet normal 0.000000e+00 -1.000000e+00 0.000000e+00
      outer loop
         vertex 7.071068e+00 5.656854e+01 5.000000e+00
         vertex -7.071068e+00 5.656854e+01 5.000000e+00
         vertex -7.071068e+00 5.656854e+01 0.000000e+00
      endloop
   endfacet
   facet normal -1.000000e+00 0.000000e+00 0.000000e+00
      outer loop
         vertex 5.656854e+01 7.071068e+00 0.000000e+00
         vertex 5.656854e+01 -7.071068e+00 0.000000e+00
         vertex 5.656854e+01 -7.071068e+00 5.000000e+00
      endloop
   endfacet
   facet normal -1.000000e+00 -0.000000e+00 -0.000000e+00
      outer loop
         vertex 5.656854e+01 -7.071068e+00 5.000000e+00
         vertex 5.656854e+01 7.071068e+00 5.000000e+00
         vertex 5.656854e+01 7.071068e+00 0.000000e+00
      endloop
   endfacet
   facet normal 0.000000e+00 1.000000e+00 0.000000e+00
      outer loop
         vertex 7.071068e+00 -5.656854e+01 0.000000e+00
         vertex -7.071068e+00 -5.656854e+01 0.000000e+00
         vertex -7.071068e+00 -5.656854e+01 5.000000e+00
      endloop
   endfacet
   facet normal 0.000000e+00 1.000000e+00 0.000000e+00
      outer loop
         vertex -7.071068e+00 -5.656854e+01 5.000000e+00
         vertex 7.071068e+00 -5.656854e+01 5.000000e+00
         vertex 7.071068e+00 -5.656854e+01 0.000000e+00
      endloop
   endfacet
   facet normal 1.000000e+00 0.000000e+00 -0.000000e+00
      outer loop
         vertex -5.656854e+01 -7.071068e+00 0.000000e+00
         vertex -5.656854e+01 7.071068e+00 0.000000e+00
         vertex -5.656854e+01 7.071068e+00 5.000000e+00
      endloop
   endfacet
   facet normal 1.000000e+00 -0.000000e+00 0.000000e+00
      outer loop
         vertex -5.656854e+01 7.071068e+00 5.000000e+00
         vertex -5.656854e+01 -7.071068e+00 5.000000e+00
         vertex -5.656854e+01 -7.071068e+00 0.000000e+00
      endloop
   endfacet
   facet normal 7.071065e-01 0.000000e+00 7.071071e-01
      outer loop
         vertex 6.717515e+01 -3.535534e+00 4.440892e-16
         vertex 6.717515e+01 3.535534e+00 4.440892e-16
         vertex 6.217514e+01 8.535534e+00 5.000000e+00
      endloop
   endfacet
   facet normal 7.071065e-01 -0.000000e+00 7.071071e-01
      outer loop
         vertex 6.217514e+01 8.535534e+00 5.000000e+00
         vertex 6.217514e+01 -8.535534e+00 5.000000e+00
         vertex 6.717515e+01 -3.535534e+00 4.440892e-16
      endloop
   endfacet
   facet normal 2.960595e-17 7.071065e-01 7.071071e-01
      outer loop
         vertex 3.535534e+00 6.717515e+01 1.924387e-15
         vertex -3.535534e+00 6.717515e+01 2.220446e-15
         vertex -8.535534e+00 6.217514e+01 5.000000e+00
      endloop
   endfacet
   facet normal 0.000000e+00 7.071065e-01 7.071071e-01
      outer loop
         vertex -8.535534e+00 6.217514e+01 5.000000e+00
         vertex 8.535534e+00 6.217514e+01 5.000000e+00
         vertex 3.535534e+00 6.717515e+01 1.924387e-15
      endloop
   endfacet
   facet normal -7.071065e-01 0.000000e+00 7.071071e-01
      outer loop
         vertex -6.717515e+01 3.535534e+00 3.256654e-15
         vertex -6.717515e+01 -3.535534e+00 3.256654e-15
         vertex -6.217514e+01 -8.535534e+00 5.000000e+00
      endloop
   endfacet
   facet normal -7.071065e-01 0.000000e+00 7.071071e-01
      outer loop
         vertex -6.217514e+01 -8.535534e+00 5.000000e+00
         vertex -6.217514e+01 8.535534e+00 5.000000e+00
         vertex -6.717515e+01 3.535534e+00 3.256654e-15
      endloop
   endfacet
   facet normal 0.000000e+00 -7.071065e-01 7.071071e-01
      outer loop
         vertex -3.535534e+00 -6.717515e+01 -2.960595e-16
         vertex 3.535534e+00 -6.717515e+01 -2.960595e-16
         vertex 8.535534e+00 -6.217514e+01 5.000000e+00
      endloop
   endfacet
   facet normal 0.000000e+00 -7.071065e-01 7.071071e-01
      outer loop
         vertex 8.535534e+00 -6.217514e+01 5.000000e+00
         vertex -8.535534e+00 -6.217514e+01 5.000000e+00
         vertex -3.535534e+00 -6.717515e+01 -2.960595e-16
      endloop
   endfacet
   facet normal -1.000000e+00 0.000000e+00 0.000000e+00
      outer loop
         vertex -6.717515e+01 5.656854e+01 6.010408e+01
         vertex -6.717515e+01 6.717515e+01 6.363961e+01
         vertex -6.717515e+01 3.535534e+00 -3.797532e-06
      endloop
   endfacet
   facet normal -1.000000e+00 -0.000000e+00 -0.000000e+00
      outer loop
         vertex -6.717515e+01 5.656854e+01 7.424622e+01
         vertex -6.717515e+01 6.717515e+01 7.071068e+01
         vertex -6.717515e+01 6.717515e+01 6.363961e+01
      endloop
   endfacet
   facet normal -1.000000e+00 0.000000e+00 0.000000e+00
      outer loop
         vertex -6.717515e+01 7.071068e+00 1.237437e+02
         vertex -6.717515e+01 3.535534e+00 1.343503e+02
         vertex -6.717515e+01 6.717515e+01 7.071068e+01
      endloop
   endfacet
   facet normal -1.000000e+00 0.000000e+00 0.000000e+00
      outer loop
         vertex -6.717515e+01 7.071068e+00 1.237437e+02
         vertex -6.717515e+01 -3.535534e+00 1.343503e+02
         vertex -6.717515e+01 3.535534e+00 1.343503e+02
      endloop
   endfacet
   facet normal -1.000000e+00 0.000000e+00 0.000000e+00
      outer loop
         vertex -6.717515e+01 -5.656854e+01 7.424622e+01
         vertex -6.717515e+01 -6.717515e+01 7.071068e+01
         vertex -6.717515e+01 -3.535534e+00 1.343503e+02
      endloop
   endfacet
   facet normal -1.000000e+00 0.000000e+00 0.000000e+00
      outer loop
         vertex -6.717515e+01 -5.656854e+01 6.010408e+01
         vertex -6.717515e+01 -6.717515e+01 6.363961e+01
         vertex -6.717515e+01 -6.717515e+01 7.071068e+01
      endloop
   endfacet
   facet normal -1.000000e+00 0.000000e+00 0.000000e+00
      outer loop
         vertex -6.717515e+01 -7.071068e+00 1.060660e+01
         vertex -6.717515e+01 -3.535534e+00 -3.797532e-06
         vertex -6.717515e+01 -6.717515e+01 6.363961e+01
      endloop
   endfacet
   facet normal -1.000000e+00 0.000000e+00 0.000000e+00
      outer loop
         vertex -6.717515e+01 7.071068e+00 1.060660e+01
         vertex -6.717515e+01 3.535534e+00 -3.797532e-06
         vertex -6.717515e+01 -3.535534e+00 -3.797532e-06
      endloop
   endfacet
   facet normal -1.000000e+00 0.000000e+00 0.000000e+00
      outer loop
         vertex -6.717515e+01 6.717515e+01 7.071068e+01
         vertex -6.717515e+01 5.656854e+01 7.424622e+01
         vertex -6.717515e+01 7.071068e+00 1.237437e+02
      endloop
   endfacet
   facet normal -1.000000e+00 0.000000e+00 0.000000e+00
      outer loop
         vertex -6.717515e+01 6.717515e+01 6.363961e+01
         vertex -6.717515e+01 5.656854e+01 6.010408e+01
         vertex -6.717515e+01 5.656854e+01 7.424622e+01
      endloop
   endfacet
   facet normal -1.000000e+00 0.000000e+00 -0.000000e+00
      outer loop
         vertex -6.717515e+01 3.535534e+00 -3.797532e-06
         vertex -6.717515e+01 7.071068e+00 1.060660e+01
         vertex -6.717515e+01 5.656854e+01 6.010408e+01
      endloop
   endfacet
   facet normal -1.000000e+00 0.000000e+00 0.000000e+00
      outer loop
         vertex -6.717515e+01 -3.535534e+00 -3.797532e-06
         vertex -6.717515e+01 -7.071068e+00 1.060660e+01
         vertex -6.717515e+01 7.071068e+00 1.060660e+01
      endloop
   endfacet
   facet normal -1.000000e+00 -0.000000e+00 -0.000000e+00
      outer loop
         vertex -6.717515e+01 -6.717515e+01 6.363961e+01
         vertex -6.717515e+01 -5.656854e+01 6.010408e+01
         vertex -6.717515e+01 -7.071068e+00 1.060660e+01
      endloop
   endfacet
   facet normal -1.000000e+00 0.000000e+00 -0.000000e+00
      outer loop
         vertex -6.717515e+01 -6.717515e+01 7.071068e+01
         vertex -6.717515e+01 -5.656854e+01 7.424622e+01
         vertex -6.717515e+01 -5.656854e+01 6.010408e+01
      endloop
   endfacet
   facet normal -1.000000e+00 -0.000000e+00 0.000000e+00
      outer loop
         vertex -6.717515e+01 -3.535534e+00 1.343503e+02
         vertex -6.717515e+01 -7.071068e+00 1.237437e+02
         vertex -6.717515e+01 -5.656854e+01 7.424622e+01
      endloop
   endfacet
   facet normal -1.000000e+00 0.000000e+00 0.000000e+00
      outer loop
         vertex -6.717515e+01 -3.535534e+00 1.343503e+02
         vertex -6.717515e+01 7.071068e+00 1.237437e+02
         vertex -6.717515e+01 -7.071068e+00 1.237437e+02
      endloop
   endfacet
   facet normal 1.000000e+00 -0.000000e+00 0.000000e+00
      outer loop
         vertex -6.217514e+01 -8.535534e+00 1.293503e+02
         vertex -6.217514e+01 -6.217514e+01 7.571068e+01
         vertex -6.217514e+01 -5.656854e+01 7.424622e+01
      endloop
   endfacet
   facet normal 1.000000e+00 0.000000e+00 0.000000e+00
      outer loop
         vertex -6.217514e+01 -6.217514e+01 7.571068e+01
         vertex -6.217514e+01 -6.217514e+01 5.863961e+01
         vertex -6.217514e+01 -5.656854e+01 7.424622e+01
      endloop
   endfacet
   facet normal 1.000000e+00 0.000000e+00 -0.000000e+00
      outer loop
         vertex -6.217514e+01 -6.217514e+01 5.863961e+01
         vertex -6.217514e+01 -8.535534e+00 5.000000e+00
         vertex -6.217514e+01 -7.071068e+00 1.060660e+01
      endloop
   endfacet
   facet normal 1.000000e+00 0.000000e+00 0.000000e+00
      outer loop
         vertex -6.217514e+01 -8.535534e+00 5.000000e+00
         vertex -6.217514e+01 8.535534e+00 5.000000e+00
         vertex -6.217514e+01 7.071068e+00 1.060660e+01
      endloop
   endfacet
   facet normal 1.000000e+00 0.000000e+00 0.000000e+00
      outer loop
         vertex -6.217514e+01 8.535534e+00 5.000000e+00
         vertex -6.217514e+01 6.217514e+01 5.863961e+01
         vertex -6.217514e+01 5.656854e+01 6.010408e+01
      endloop
   endfacet
   facet normal 1.000000e+00 0.000000e+00 0.000000e+00
      outer loop
         vertex -6.217514e+01 6.217514e+01 5.863961e+01
         vertex -6.217514e+01 6.217514e+01 7.571068e+01
         vertex -6.217514e+01 5.656854e+01 7.424622e+01
      endloop
   endfacet
   facet normal 1.000000e+00 0.000000e+00 0.000000e+00
      outer loop
         vertex -6.217514e+01 6.217514e+01 7.571068e+01
         vertex -6.217514e+01 8.535534e+00 1.293503e+02
         vertex -6.217514e+01 7.071068e+00 1.237437e+02
      endloop
   endfacet
   facet normal 1.000000e+00 -0.000000e+00 0.000000e+00
      outer loop
         vertex -6.217514e+01 8.535534e+00 1.293503e+02
         vertex -6.217514e+01 -8.535534e+00 1.293503e+02
         vertex -6.217514e+01 -7.071068e+00 1.237437e+02
      endloop
   endfacet
   facet normal 1.000000e+00 0.000000e+00 0.000000e+00
      outer loop
         vertex -6.217514e+01 -5.656854e+01 7.424622e+01
         vertex -6.217514e+01 -7.071068e+00 1.237437e+02
         vertex -6.217514e+01 -8.535534e+00 1.293503e+02
      endloop
   endfacet
   facet normal 1.000000e+00 0.000000e+00 -0.000000e+00
      outer loop
         vertex -6.217514e+01 -7.071068e+00 1.237437e+02
         vertex -6.217514e+01 7.071068e+00 1.237437e+02
         vertex -6.217514e+01 8.535534e+00 1.293503e+02
      endloop
   endfacet
   facet normal 1.000000e+00 0.000000e+00 -0.000000e+00
      outer loop
         vertex -6.217514e+01 7.071068e+00 1.237437e+02
         vertex -6.217514e+01 5.656854e+01 7.424622e+01
         vertex -6.217514e+01 6.217514e+01 7.571068e+01
      endloop
   endfacet
   facet normal 1.000000e+00 -0.000000e+00 0.000000e+00
      outer loop
         vertex -6.217514e+01 5.656854e+01 7.424622e+01
         vertex -6.217514e+01 5.656854e+01 6.010408e+01
         vertex -6.217514e+01 6.217514e+01 5.863961e+01
      endloop
   endfacet
   facet normal 1.000000e+00 -0.000000e+00 0.000000e+00
      outer loop
         vertex -6.217514e+01 5.656854e+01 6.010408e+01
         vertex -6.217514e+01 7.071068e+00 1.060660e+01
         vertex -6.217514e+01 8.535534e+00 5.000000e+00
      endloop
   endfacet
   facet normal 1.000000e+00 -0.000000e+00 0.000000e+00
      outer loop
         vertex -6.217514e+01 7.071068e+00 1.060660e+01
         vertex -6.217514e+01 -7.071068e+00 1.060660e+01
         vertex -6.217514e+01 -8.535534e+00 5.000000e+00
      endloop
   endfacet
   facet normal 1.000000e+00 0.000000e+00 0.000000e+00
      outer loop
         vertex -6.217514e+01 -7.071068e+00 1.060660e+01
         vertex -6.217514e+01 -5.656854e+01 6.010408e+01
         vertex -6.217514e+01 -6.217514e+01 5.863961e+01
      endloop
   endfacet
   facet normal 1.000000e+00 0.000000e+00 0.000000e+00
      outer loop
         vertex -6.217514e+01 -5.656854e+01 6.010408e+01
         vertex -6.217514e+01 -5.656854e+01 7.424622e+01
         vertex -6.217514e+01 -6.217514e+01 5.863961e+01
      endloop
   endfacet
   facet normal 0.000000e+00 -7.071068e-01 7.071068e-01
      outer loop
         vertex -6.217514e+01 5.656854e+01 6.010408e+01
         vertex -6.717515e+01 5.656854e+01 6.010408e+01
         vertex -6.717515e+01 7.071068e+00 1.060660e+01
      endloop
   endfacet
   facet normal 0.000000e+00 -7.071068e-01 7.071068e-01
      outer loop
         vertex -6.717515e+01 7.071068e+00 1.060660e+01
         vertex -6.217514e+01 7.071068e+00 1.060660e+01
         vertex -6.217514e+01 5.656854e+01 6.010408e+01
      endloop
   endfacet
   facet normal -0.000000e+00 7.071068e-01 7.071068e-01
      outer loop
         vertex -6.217514e+01 -7.071068e+00 1.060660e+01
         vertex -6.717515e+01 -7.071068e+00 1.060660e+01
         vertex -6.717515e+01 -5.656854e+01 6.010408e+01
      endloop
   endfacet
   facet normal 0.000000e+00 7.071068e-01 7.071068e-01
      outer loop
         vertex -6.717515e+01 -5.656854e+01 6.010408e+01
         vertex -6.217514e+01 -5.656854e+01 6.010408e+01
         vertex -6.217514e+01 -7.071068e+00 1.060660e+01
      endloop
   endfacet
   facet normal 0.000000e+00 7.071068e-01 -7.071068e-01
      outer loop
         vertex -6.217514e+01 -5.656854e+01 7.424622e+01
         vertex -6.717515e+01 -5.656854e+01 7.424622e+01
         vertex -6.717515e+01 -7.071068e+00 1.237437e+02
      endloop
   endfacet
   facet normal 0.000000e+00 7.071068e-01 -7.071068e-01
      outer loop
         vertex -6.717515e+01 -7.071068e+00 1.237437e+02
         vertex -6.217514e+01 -7.071068e+00 1.237437e+02
         vertex -6.217514e+01 -5.656854e+01 7.424622e+01
      endloop
   endfacet
   facet normal -0.000000e+00 -7.071068e-01 -7.071068e-01
      outer loop
         vertex -6.717515e+01 5.656854e+01 7.424622e+01
         vertex -6.217514e+01 5.656854e+01 7.424622e+01
         vertex -6.217514e+01 7.071068e+00 1.237437e+02
      endloop
   endfacet
   facet normal 0.000000e+00 -7.071068e-01 -7.071068e-01
      outer loop
         vertex -6.217514e+01 7.071068e+00 1.237437e+02
         vertex -6.717515e+01 7.071068e+00 1.237437e+02
         vertex -6.717515e+01 5.656854e+01 7.424622e+01
      endloop
   endfacet
   facet normal 5.818648e-07 -7.071068e-01 7.071068e-01
      outer loop
         vertex -6.717515e+01 -3.535534e+00 1.343503e+02
         vertex -6.717515e+01 -6.717515e+01 7.071068e+01
         vertex -6.217514e+01 -6.217514e+01 7.571068e+01
      endloop
   endfacet
   facet normal -1.005748e-07 -7.071068e-01 7.071067e-01
      outer loop
         vertex -6.217514e+01 -6.217514e+01 7.571068e+01
         vertex -6.217514e+01 -8.535534e+00 1.293503e+02
         vertex -6.717515e+01 -3.535534e+00 1.343503e+02
      endloop
   endfacet
   facet normal -4.238549e-08 7.071068e-01 7.071068e-01
      outer loop
         vertex -6.717515e+01 6.717515e+01 7.071068e+01
         vertex -6.717515e+01 3.535534e+00 1.343503e+02
         vertex -6.217514e+01 8.535534e+00 1.293503e+02
      endloop
   endfacet
   facet normal 6.400541e-07 7.071068e-01 7.071067e-01
      outer loop
         vertex -6.217514e+01 8.535534e+00 1.293503e+02
         vertex -6.217514e+01 6.217514e+01 7.571068e+01
         vertex -6.717515e+01 6.717515e+01 7.071068e+01
      endloop
   endfacet
   facet normal 5.392885e-07 7.071068e-01 -7.071068e-01
      outer loop
         vertex -6.717515e+01 3.535534e+00 -3.797532e-06
         vertex -6.717515e+01 6.717515e+01 6.363961e+01
         vertex -6.217514e+01 6.217514e+01 5.863961e+01
      endloop
   endfacet
   facet normal 5.370517e-07 7.071068e-01 -7.071068e-01
      outer loop
         vertex -6.217514e+01 6.217514e+01 5.863961e+01
         vertex -6.217514e+01 8.535534e+00 5.000000e+00
         vertex -6.717515e+01 3.535534e+00 -3.797532e-06
      endloop
   endfacet
   facet normal 5.394792e-07 -7.071068e-01 -7.071068e-01
      outer loop
         vertex -6.217514e+01 -8.535534e+00 5.000000e+00
         vertex -6.217514e+01 -6.217514e+01 5.863961e+01
         vertex -6.717515e+01 -6.717515e+01 6.363961e+01
      endloop
   endfacet
   facet normal 5.372424e-07 -7.071068e-01 -7.071068e-01
      outer loop
         vertex -6.717515e+01 -6.717515e+01 6.363961e+01
         vertex -6.717515e+01 -3.535534e+00 -3.797532e-06
         vertex -6.217514e+01 -8.535534e+00 5.000000e+00
      endloop
   endfacet
   facet normal 0.000000e+00 -1.000000e+00 0.000000e+00
      outer loop
         vertex -6.717515e+01 5.656854e+01 7.424622e+01
         vertex -6.717515e+01 5.656854e+01 6.010408e+01
         vertex -6.217514e+01 5.656854e+01 6.010408e+01
      endloop
   endfacet
   facet normal -0.000000e+00 -1.000000e+00 -0.000000e+00
      outer loop
         vertex -6.217514e+01 5.656854e+01 6.010408e+01
         vertex -6.217514e+01 5.656854e+01 7.424622e+01
         vertex -6.717515e+01 5.656854e+01 7.424622e+01
      endloop
   endfacet
   facet normal 0.000000e+00 0.000000e+00 1.000000e+00
      outer loop
         vertex -6.717515e+01 7.071068e+00 1.060660e+01
         vertex -6.717515e+01 -7.071068e+00 1.060660e+01
         vertex -6.217514e+01 -7.071068e+00 1.060660e+01
      endloop
   endfacet
   facet normal 0.000000e+00 0.000000e+00 1.000000e+00
      outer loop
         vertex -6.217514e+01 -7.071068e+00 1.060660e+01
         vertex -6.217514e+01 7.071068e+00 1.060660e+01
         vertex -6.717515e+01 7.071068e+00 1.060660e+01
      endloop
   endfacet
   facet normal -0.000000e+00 1.000000e+00 0.000000e+00
      outer loop
         vertex -6.717515e+01 -5.656854e+01 6.010408e+01
         vertex -6.717515e+01 -5.656854e+01 7.424622e+01
         vertex -6.217514e+01 -5.656854e+01 7.424622e+01
      endloop
   endfacet
   facet normal 0.000000e+00 1.000000e+00 -0.000000e+00
      outer loop
         vertex -6.217514e+01 -5.656854e+01 7.424622e+01
         vertex -6.217514e+01 -5.656854e+01 6.010408e+01
         vertex -6.717515e+01 -5.656854e+01 6.010408e+01
      endloop
   endfacet
   facet normal 0.000000e+00 0.000000e+00 -1.000000e+00
      outer loop
         vertex -6.717515e+01 -7.071068e+00 1.237437e+02
         vertex -6.717515e+01 7.071068e+00 1.237437e+02
         vertex -6.217514e+01 7.071068e+00 1.237437e+02
      endloop
   endfacet
   facet normal 0.000000e+00 0.000000e+00 -1.000000e+00
      outer loop
         vertex -6.217514e+01 7.071068e+00 1.237437e+02
         vertex -6.217514e+01 -7.071068e+00 1.237437e+02
         vertex -6.717515e+01 -7.071068e+00 1.237437e+02
      endloop
   endfacet
   facet normal 7.071068e-01 0.000000e+00 -7.071068e-01
      outer loop
         vertex -6.717515e+01 -3.535534e+00 -3.797532e-06
         vertex -6.717515e+01 3.535534e+00 -3.797532e-06
         vertex -6.217514e+01 8.535534e+00 5.000000e+00
      endloop
   endfacet
   facet normal 7.071068e-01 0.000000e+00 -7.071068e-01
      outer loop
         vertex -6.217514e+01 8.535534e+00 5.000000e+00
         vertex -6.217514e+01 -8.535534e+00 5.000000e+00
         vertex -6.717515e+01 -3.535534e+00 -3.797532e-06
      endloop
   endfacet
   facet normal 7.071068e-01 7.071068e-01 0.000000e+00
      outer loop
         vertex -6.717515e+01 6.717515e+01 6.363961e+01
         vertex -6.717515e+01 6.717515e+01 7.071068e+01
         vertex -6.217514e+01 6.217514e+01 7.571068e+01
      endloop
   endfacet
   facet normal 7.071068e-01 7.071068e-01 -0.000000e+00
      outer loop
         vertex -6.217514e+01 6.217514e+01 7.571068e+01
         vertex -6.217514e+01 6.217514e+01 5.863961e+01
         vertex -6.717515e+01 6.717515e+01 6.363961e+01
      endloop
   endfacet
   facet normal 7.071065e-01 -0.000000e+00 7.071071e-01
      outer loop
         vertex -6.717515e+01 3.535534e+00 1.343503e+02
         vertex -6.717515e+01 -3.535534e+00 1.343503e+02
         vertex -6.217514e+01 -8.535534e+00 1.293503e+02
      endloop
   endfacet
   facet normal 7.071065e-01 0.000000e+00 7.071071e-01
      outer loop
         vertex -6.217514e+01 -8.535534e+00 1.293503e+02
         vertex -6.217514e+01 8.535534e+00 1.293503e+02
         vertex -6.717515e+01 3.535534e+00 1.343503e+02
      endloop
   endfacet
   facet normal 7.071068e-01 -7.071068e-01 0.000000e+00
      outer loop
         vertex -6.717515e+01 -6.717515e+01 7.071068e+01
         vertex -6.717515e+01 -6.717515e+01 6.363961e+01
         vertex -6.217514e+01 -6.217514e+01 5.863961e+01
      endloop
   endfacet
   facet normal 7.071068e-01 -7.071068e-01 0.000000e+00
      outer loop
         vertex -6.217514e+01 -6.217514e+01 5.863961e+01
         vertex -6.217514e+01 -6.217514e+01 7.571068e+01
         vertex -6.717515e+01 -6.717515e+01 7.071068e+01
      endloop
   endfacet
   facet normal 1.000000e+00 0.000000e+00 0.000000e+00
      outer loop
         vertex 6.717515e+01 5.656854e+01 7.424622e+01
         vertex 6.717515e+01 6.717515e+01 7.071068e+01
         vertex 6.717515e+01 3.535534e+00 1.343503e+02
      endloop
   endfacet
   facet normal 1.000000e+00 0.000000e+00 -0.000000e+00
      outer loop
         vertex 6.717515e+01 5.656854e+01 6.010408e+01
         vertex 6.717515e+01 6.717515e+01 6.363961e+01
         vertex 6.717515e+01 6.717515e+01 7.071068e+01
      endloop
   endfacet
   facet normal 1.000000e+00 0.000000e+00 0.000000e+00
      outer loop
         vertex 6.717515e+01 7.071068e+00 1.060660e+01
         vertex 6.717515e+01 3.535534e+00 -3.797532e-06
         vertex 6.717515e+01 6.717515e+01 6.363961e+01
      endloop
   endfacet
   facet normal 1.000000e+00 0.000000e+00 0.000000e+00
      outer loop
         vertex 6.717515e+01 7.071068e+00 1.060660e+01
         vertex 6.717515e+01 -3.535534e+00 -3.797532e-06
         vertex 6.717515e+01 3.535534e+00 -3.797532e-06
      endloop
   endfacet
   facet normal 1.000000e+00 0.000000e+00 0.000000e+00
      outer loop
         vertex 6.717515e+01 -5.656854e+01 6.010408e+01
         vertex 6.717515e+01 -6.717515e+01 6.363961e+01
         vertex 6.717515e+01 -3.535534e+00 -3.797532e-06
      endloop
   endfacet
   facet normal 1.000000e+00 -0.000000e+00 0.000000e+00
      outer loop
         vertex 6.717515e+01 -5.656854e+01 7.424622e+01
         vertex 6.717515e+01 -6.717515e+01 7.071068e+01
         vertex 6.717515e+01 -6.717515e+01 6.363961e+01
      endloop
   endfacet
   facet normal 1.000000e+00 0.000000e+00 0.000000e+00
      outer loop
         vertex 6.717515e+01 -7.071068e+00 1.237437e+02
         vertex 6.717515e+01 -3.535534e+00 1.343503e+02
         vertex 6.717515e+01 -6.717515e+01 7.071068e+01
      endloop
   endfacet
   facet normal 1.000000e+00 0.000000e+00 0.000000e+00
      outer loop
         vertex 6.717515e+01 7.071068e+00 1.237437e+02
         vertex 6.717515e+01 3.535534e+00 1.343503e+02
         vertex 6.717515e+01 -3.535534e+00 1.343503e+02
      endloop
   endfacet
   facet normal 1.000000e+00 -0.000000e+00 0.000000e+00
      outer loop
         vertex 6.717515e+01 6.717515e+01 6.363961e+01
         vertex 6.717515e+01 5.656854e+01 6.010408e+01
         vertex 6.717515e+01 7.071068e+00 1.060660e+01
      endloop
   endfacet
   facet normal 1.000000e+00 0.000000e+00 0.000000e+00
      outer loop
         vertex 6.717515e+01 6.717515e+01 7.071068e+01
         vertex 6.717515e+01 5.656854e+01 7.424622e+01
         vertex 6.717515e+01 5.656854e+01 6.010408e+01
      endloop
   endfacet
   facet normal 1.000000e+00 -0.000000e+00 -0.000000e+00
      outer loop
         vertex 6.717515e+01 3.535534e+00 1.343503e+02
         vertex 6.717515e+01 7.071068e+00 1.237437e+02
         vertex 6.717515e+01 5.656854e+01 7.424622e+01
      endloop
   endfacet
   facet normal 1.000000e+00 0.000000e+00 0.000000e+00
      outer loop
         vertex 6.717515e+01 -3.535534e+00 1.343503e+02
         vertex 6.717515e+01 -7.071068e+00 1.237437e+02
         vertex 6.717515e+01 7.071068e+00 1.237437e+02
      endloop
   endfacet
   facet normal 1.000000e+00 0.000000e+00 -0.000000e+00
      outer loop
         vertex 6.717515e+01 -6.717515e+01 7.071068e+01
         vertex 6.717515e+01 -5.656854e+01 7.424622e+01
         vertex 6.717515e+01 -7.071068e+00 1.237437e+02
      endloop
   endfacet
   facet normal 1.000000e+00 0.000000e+00 -0.000000e+00
      outer loop
         vertex 6.717515e+01 -6.717515e+01 6.363961e+01
         vertex 6.717515e+01 -5.656854e+01 6.010408e+01
         vertex 6.717515e+01 -5.656854e+01 7.424622e+01
      endloop
   endfacet
   facet normal 1.000000e+00 0.000000e+00 0.000000e+00
      outer loop
         vertex 6.717515e+01 -3.535534e+00 -3.797532e-06
         vertex 6.717515e+01 -7.071068e+00 1.060660e+01
         vertex 6.717515e+01 -5.656854e+01 6.010408e+01
      endloop
   endfacet
   facet normal 1.000000e+00 0.000000e+00 0.000000e+00
      outer loop
         vertex 6.717515e+01 -3.535534e+00 -3.797532e-06
         vertex 6.717515e+01 7.071068e+00 1.060660e+01
         vertex 6.717515e+01 -7.071068e+00 1.060660e+01
      endloop
   endfacet
   facet normal -1.000000e+00 0.000000e+00 0.000000e+00
      outer loop
         vertex 6.217514e+01 -8.535534e+00 5.000000e+00
         vertex 6.217514e+01 -6.217514e+01 5.863961e+01
         vertex 6.217514e+01 -5.656854e+01 6.010408e+01
      endloop
   endfacet
   facet normal -1.000000e+00 0.000000e+00 0.000000e+00
      outer loop
         vertex 6.217514e+01 -6.217514e+01 5.863961e+01
         vertex 6.217514e+01 -6.217514e+01 7.571068e+01
         vertex 6.217514e+01 -5.656854e+01 6.010408e+01
      endloop
   endfacet
   facet normal -1.000000e+00 0.000000e+00 -0.000000e+00
      outer loop
         vertex 6.217514e+01 -6.217514e+01 7.571068e+01
         vertex 6.217514e+01 -8.535534e+00 1.293503e+02
         vertex 6.217514e+01 -7.071068e+00 1.237437e+02
      endloop
   endfacet
   facet normal -1.000000e+00 -0.000000e+00 0.000000e+00
      outer loop
         vertex 6.217514e+01 -8.535534e+00 1.293503e+02
         vertex 6.217514e+01 8.535534e+00 1.293503e+02
         vertex 6.217514e+01 7.071068e+00 1.237437e+02
      endloop
   endfacet
   facet normal -1.000000e+00 -0.000000e+00 0.000000e+00
      outer loop
         vertex 6.217514e+01 8.535534e+00 1.293503e+02
         vertex 6.217514e+01 6.217514e+01 7.571068e+01
         vertex 6.217514e+01 5.656854e+01 7.424622e+01
      endloop
   endfacet
   facet normal -1.000000e+00 0.000000e+00 0.000000e+00
      outer loop
         vertex 6.217514e+01 6.217514e+01 7.571068e+01
         vertex 6.217514e+01 6.217514e+01 5.863961e+01
         vertex 6.217514e+01 5.656854e+01 6.010408e+01
      endloop
   endfacet
   facet normal -1.000000e+00 0.000000e+00 0.000000e+00
      outer loop
         vertex 6.217514e+01 6.217514e+01 5.863961e+01
         vertex 6.217514e+01 8.535534e+00 5.000000e+00
         vertex 6.217514e+01 7.071068e+00 1.060660e+01
      endloop
   endfacet
   facet normal -1.000000e+00 0.000000e+00 0.000000e+00
      outer loop
         vertex 6.217514e+01 8.535534e+00 5.000000e+00
         vertex 6.217514e+01 -8.535534e+00 5.000000e+00
         vertex 6.217514e+01 -7.071068e+00 1.060660e+01
      endloop
   endfacet
   facet normal -1.000000e+00 -0.000000e+00 0.000000e+00
      outer loop
         vertex 6.217514e+01 -5.656854e+01 6.010408e+01
         vertex 6.217514e+01 -7.071068e+00 1.060660e+01
         vertex 6.217514e+01 -8.535534e+00 5.000000e+00
      endloop
   endfacet
   facet normal -1.000000e+00 -0.000000e+00 -0.000000e+00
      outer loop
         vertex 6.217514e+01 -7.071068e+00 1.060660e+01
         vertex 6.217514e+01 7.071068e+00 1.060660e+01
         vertex 6.217514e+01 8.535534e+00 5.000000e+00
      endloop
   endfacet
   facet normal -1.000000e+00 0.000000e+00 -0.000000e+00
      outer loop
         vertex 6.217514e+01 7.071068e+00 1.060660e+01
         vertex 6.217514e+01 5.656854e+01 6.010408e+01
         vertex 6.217514e+01 6.217514e+01 5.863961e+01
      endloop
   endfacet
   facet normal -1.000000e+00 0.000000e+00 0.000000e+00
      outer loop
         vertex 6.217514e+01 5.656854e+01 6.010408e+01
         vertex 6.217514e+01 5.656854e+01 7.424622e+01
         vertex 6.217514e+01 6.217514e+01 7.571068e+01
      endloop
   endfacet
   facet normal -1.000000e+00 0.000000e+00 0.000000e+00
      outer loop
         vertex 6.217514e+01 5.656854e+01 7.424622e+01
         vertex 6.217514e+01 7.071068e+00 1.237437e+02
         vertex 6.217514e+01 8.535534e+00 1.293503e+02
      endloop
   endfacet
   facet normal -1.000000e+00 0.000000e+00 0.000000e+00
      outer loop
         vertex 6.217514e+01 7.071068e+00 1.237437e+02
         vertex 6.217514e+01 -7.071068e+00 1.237437e+02
         vertex 6.217514e+01 -8.535534e+00 1.293503e+02
      endloop
   endfacet
   facet normal -1.000000e+00 0.000000e+00 0.000000e+00
      outer loop
         vertex 6.217514e+01 -7.071068e+00 1.237437e+02
         vertex 6.217514e+01 -5.656854e+01 7.424622e+01
         vertex 6.217514e+01 -6.217514e+01 7.571068e+01
      endloop
   endfacet
   facet normal -1.000000e+00 0.000000e+00 0.000000e+00
      outer loop
         vertex 6.217514e+01 -5.656854e+01 7.424622e+01
         vertex 6.217514e+01 -5.656854e+01 6.010408e+01
         vertex 6.217514e+01 -6.217514e+01 7.571068e+01
      endloop
   endfacet
   facet normal -0.000000e+00 -7.071068e-01 -7.071068e-01
      outer loop
         vertex 6.217514e+01 5.656854e+01 7.424622e+01
         vertex 6.717515e+01 5.656854e+01 7.424622e+01
         vertex 6.717515e+01 7.071068e+00 1.237437e+02
      endloop
   endfacet
   facet normal 0.000000e+00 -7.071068e-01 -7.071068e-01
      outer loop
         vertex 6.717515e+01 7.071068e+00 1.237437e+02
         vertex 6.217514e+01 7.071068e+00 1.237437e+02
         vertex 6.217514e+01 5.656854e+01 7.424622e+01
      endloop
   endfacet
   facet normal 0.000000e+00 7.071068e-01 -7.071068e-01
      outer loop
         vertex 6.217514e+01 -7.071068e+00 1.237437e+02
         vertex 6.717515e+01 -7.071068e+00 1.237437e+02
         vertex 6.717515e+01 -5.656854e+01 7.424622e+01
      endloop
   endfacet
   facet normal 0.000000e+00 7.071068e-01 -7.071068e-01
      outer loop
         vertex 6.717515e+01 -5.656854e+01 7.424622e+01
         vertex 6.217514e+01 -5.656854e+01 7.424622e+01
         vertex 6.217514e+01 -7.071068e+00 1.237437e+02
      endloop
   endfacet
   facet normal 0.000000e+00 7.071068e-01 7.071068e-01
      outer loop
         vertex 6.217514e+01 -5.656854e+01 6.010408e+01
         vertex 6.717515e+01 -5.656854e+01 6.010408e+01
         vertex 6.717515e+01 -7.071068e+00 1.060660e+01
      endloop
   endfacet
   facet normal -0.000000e+00 7.071068e-01 7.071068e-01
      outer loop
         vertex 6.717515e+01 -7.071068e+00 1.060660e+01
         vertex 6.217514e+01 -7.071068e+00 1.060660e+01
         vertex 6.217514e+01 -5.656854e+01 6.010408e+01
      endloop
   endfacet
   facet normal 0.000000e+00 -7.071068e-01 7.071068e-01
      outer loop
         vertex 6.717515e+01 5.656854e+01 6.010408e+01
         vertex 6.217514e+01 5.656854e+01 6.010408e+01
         vertex 6.217514e+01 7.071068e+00 1.060660e+01
      endloop
   endfacet
   facet normal 0.000000e+00 -7.071068e-01 7.071068e-01
      outer loop
         vertex 6.217514e+01 7.071068e+00 1.060660e+01
         vertex 6.717515e+01 7.071068e+00 1.060660e+01
         vertex 6.717515e+01 5.656854e+01 6.010408e+01
      endloop
   endfacet
   facet normal -5.392885e-07 -7.071068e-01 -7.071068e-01
      outer loop
         vertex 6.717515e+01 -3.535534e+00 -3.797532e-06
         vertex 6.717515e+01 -6.717515e+01 6.363961e+01
         vertex 6.217514e+01 -6.217514e+01 5.863961e+01
      endloop
   endfacet
   facet normal -5.370517e-07 -7.071068e-01 -7.071068e-01
      outer loop
         vertex 6.217514e+01 -6.217514e+01 5.863961e+01
         vertex 6.217514e+01 -8.535534e+00 5.000000e+00
         vertex 6.717515e+01 -3.535534e+00 -3.797532e-06
      endloop
   endfacet
   facet normal -5.372424e-07 7.071068e-01 -7.071068e-01
      outer loop
         vertex 6.717515e+01 6.717515e+01 6.363961e+01
         vertex 6.717515e+01 3.535534e+00 -3.797532e-06
         vertex 6.217514e+01 8.535534e+00 5.000000e+00
      endloop
   endfacet
   facet normal -5.394792e-07 7.071068e-01 -7.071068e-01
      outer loop
         vertex 6.217514e+01 8.535534e+00 5.000000e+00
         vertex 6.217514e+01 6.217514e+01 5.863961e+01
         vertex 6.717515e+01 6.717515e+01 6.363961e+01
      endloop
   endfacet
   facet normal -5.818648e-07 7.071068e-01 7.071068e-01
      outer loop
         vertex 6.717515e+01 3.535534e+00 1.343503e+02
         vertex 6.717515e+01 6.717515e+01 7.071068e+01
         vertex 6.217514e+01 6.217514e+01 7.571068e+01
      endloop
   endfacet
   facet normal 1.005748e-07 7.071068e-01 7.071067e-01
      outer loop
         vertex 6.217514e+01 6.217514e+01 7.571068e+01
         vertex 6.217514e+01 8.535534e+00 1.293503e+02
         vertex 6.717515e+01 3.535534e+00 1.343503e+02
      endloop
   endfacet
   facet normal -6.400541e-07 -7.071068e-01 7.071067e-01
      outer loop
         vertex 6.217514e+01 -8.535534e+00 1.293503e+02
         vertex 6.217514e+01 -6.217514e+01 7.571068e+01
         vertex 6.717515e+01 -6.717515e+01 7.071068e+01
      endloop
   endfacet
   facet normal 4.238549e-08 -7.071068e-01 7.071068e-01
      outer loop
         vertex 6.717515e+01 -6.717515e+01 7.071068e+01
         vertex 6.717515e+01 -3.535534e+00 1.343503e+02
         vertex 6.217514e+01 -8.535534e+00 1.293503e+02
      endloop
   endfacet
   facet normal -0.000000e+00 -1.000000e+00 -0.000000e+00
      outer loop
         vertex 6.717515e+01 5.656854e+01 6.010408e+01
         vertex 6.717515e+01 5.656854e+01 7.424622e+01
         vertex 6.217514e+01 5.656854e+01 7.424622e+01
      endloop
   endfacet
   facet normal 0.000000e+00 -1.000000e+00 0.000000e+00
      outer loop
         vertex 6.217514e+01 5.656854e+01 7.424622e+01
         vertex 6.217514e+01 5.656854e+01 6.010408e+01
         vertex 6.717515e+01 5.656854e+01 6.010408e+01
      endloop
   endfacet
   facet normal 0.000000e+00 0.000000e+00 -1.000000e+00
      outer loop
         vertex 6.717515e+01 7.071068e+00 1.237437e+02
         vertex 6.717515e+01 -7.071068e+00 1.237437e+02
         vertex 6.217514e+01 -7.071068e+00 1.237437e+02
      endloop
   endfacet
   facet normal 0.000000e+00 0.000000e+00 -1.000000e+00
      outer loop
         vertex 6.217514e+01 -7.071068e+00 1.237437e+02
         vertex 6.217514e+01 7.071068e+00 1.237437e+02
         vertex 6.717515e+01 7.071068e+00 1.237437e+02
      endloop
   endfacet
   facet normal 0.000000e+00 1.000000e+00 -0.000000e+00
      outer loop
         vertex 6.717515e+01 -5.656854e+01 7.424622e+01
         vertex 6.717515e+01 -5.656854e+01 6.010408e+01
         vertex 6.217514e+01 -5.656854e+01 6.010408e+01
      endloop
   endfacet
   facet normal -0.000000e+00 1.000000e+00 0.000000e+00
      outer loop
         vertex 6.217514e+01 -5.656854e+01 6.010408e+01
         vertex 6.217514e+01 -5.656854e+01 7.424622e+01
         vertex 6.717515e+01 -5.656854e+01 7.424622e+01
      endloop
   endfacet
   facet normal 0.000000e+00 0.000000e+00 1.000000e+00
      outer loop
         vertex 6.717515e+01 -7.071068e+00 1.060660e+01
         vertex 6.717515e+01 7.071068e+00 1.060660e+01
         vertex 6.217514e+01 7.071068e+00 1.060660e+01
      endloop
   endfacet
   facet normal 0.000000e+00 0.000000e+00 1.000000e+00
      outer loop
         vertex 6.217514e+01 7.071068e+00 1.060660e+01
         vertex 6.217514e+01 -7.071068e+00 1.060660e+01
         vertex 6.717515e+01 -7.071068e+00 1.060660e+01
      endloop
   endfacet
   facet normal -7.071065e-01 0.000000e+00 7.071071e-01
      outer loop
         vertex 6.717515e+01 -3.535534e+00 1.343503e+02
         vertex 6.717515e+01 3.535534e+00 1.343503e+02
         vertex 6.217514e+01 8.535534e+00 1.293503e+02
      endloop
   endfacet
   facet normal -7.071065e-01 0.000000e+00 7.071071e-01
      outer loop
         vertex 6.217514e+01 8.535534e+00 1.293503e+02
         vertex 6.217514e+01 -8.535534e+00 1.293503e+02
         vertex 6.717515e+01 -3.535534e+00 1.343503e+02
      endloop
   endfacet
   facet normal -7.071068e-01 7.071068e-01 0.000000e+00
      outer loop
         vertex 6.717515e+01 6.717515e+01 7.071068e+01
         vertex 6.717515e+01 6.717515e+01 6.363961e+01
         vertex 6.217514e+01 6.217514e+01 5.863961e+01
      endloop
   endfacet
   facet normal -7.071068e-01 7.071068e-01 0.000000e+00
      outer loop
         vertex 6.217514e+01 6.217514e+01 5.863961e+01
         vertex 6.217514e+01 6.217514e+01 7.571068e+01
         vertex 6.717515e+01 6.717515e+01 7.071068e+01
      endloop
   endfacet
   facet normal -7.071068e-01 0.000000e+00 -7.071068e-01
      outer loop
         vertex 6.717515e+01 3.535534e+00 -3.797532e-06
         vertex 6.717515e+01 -3.535534e+00 -3.797532e-06
         vertex 6.217514e+01 -8.535534e+00 5.000000e+00
      endloop
   endfacet
   facet normal -7.071068e-01 -0.000000e+00 -7.071068e-01
      outer loop
         vertex 6.217514e+01 -8.535534e+00 5.000000e+00
         vertex 6.217514e+01 8.535534e+00 5.000000e+00
         vertex 6.717515e+01 3.535534e+00 -3.797532e-06
      endloop
   endfacet
   facet normal -7.071068e-01 -7.071068e-01 -0.000000e+00
      outer loop
         vertex 6.717515e+01 -6.717515e+01 6.363961e+01
         vertex 6.717515e+01 -6.717515e+01 7.071068e+01
         vertex 6.217514e+01 -6.217514e+01 7.571068e+01
      endloop
   endfacet
   facet normal -7.071068e-01 -7.071068e-01 0.000000e+00
      outer loop
         vertex 6.217514e+01 -6.217514e+01 7.571068e+01
         vertex 6.217514e+01 -6.217514e+01 5.863961e+01
         vertex 6.717515e+01 -6.717515e+01 6.363961e+01
      endloop
   endfacet
   facet normal 0.000000e+00 0.000000e+00 1.000000e+00
      outer loop
         vertex -7.071068e+00 5.656854e+01 1.343503e+02
         vertex -3.535534e+00 6.717515e+01 1.343503e+02
         vertex -6.717515e+01 3.535534e+00 1.343503e+02
      endloop
   endfacet
   facet normal 0.000000e+00 0.000000e+00 1.000000e+00
      outer loop
         vertex 7.071068e+00 5.656854e+01 1.343503e+02
         vertex 3.535534e+00 6.717515e+01 1.343503e+02
         vertex -3.535534e+00 6.717515e+01 1.343503e+02
      endloop
   endfacet
   facet normal 0.000000e+00 0.000000e+00 1.000000e+00
      outer loop
         vertex 5.656854e+01 7.071068e+00 1.343503e+02
         vertex 6.717515e+01 3.535534e+00 1.343503e+02
         vertex 3.535534e+00 6.717515e+01 1.343503e+02
      endloop
   endfacet
   facet normal 0.000000e+00 -0.000000e+00 1.000000e+00
      outer loop
         vertex 5.656854e+01 7.071068e+00 1.343503e+02
         vertex 6.717515e+01 -3.535534e+00 1.343503e+02
         vertex 6.717515e+01 3.535534e+00 1.343503e+02
      endloop
   endfacet
   facet normal 0.000000e+00 0.000000e+00 1.000000e+00
      outer loop
         vertex 7.071068e+00 -5.656854e+01 1.343503e+02
         vertex 3.535534e+00 -6.717515e+01 1.343503e+02
         vertex 6.717515e+01 -3.535534e+00 1.343503e+02
      endloop
   endfacet
   facet normal 0.000000e+00 -0.000000e+00 1.000000e+00
      outer loop
         vertex -7.071068e+00 -5.656854e+01 1.343503e+02
         vertex -3.535534e+00 -6.717515e+01 1.343503e+02
         vertex 3.535534e+00 -6.717515e+01 1.343503e+02
      endloop
   endfacet
   facet normal 0.000000e+00 0.000000e+00 1.000000e+00
      outer loop
         vertex -5.656854e+01 -7.071068e+00 1.343503e+02
         vertex -6.717515e+01 -3.535534e+00 1.343503e+02
         vertex -3.535534e+00 -6.717515e+01 1.343503e+02
      endloop
   endfacet
   facet normal -0.000000e+00 0.000000e+00 1.000000e+00
      outer loop
         vertex -5.656854e+01 7.071068e+00 1.343503e+02
         vertex -6.717515e+01 3.535534e+00 1.343503e+02
         vertex -6.717515e+01 -3.535534e+00 1.343503e+02
      endloop
   endfacet
   facet normal -0.000000e+00 -0.000000e+00 1.000000e+00
      outer loop
         vertex 3.535534e+00 6.717515e+01 1.343503e+02
         vertex 7.071068e+00 5.656854e+01 1.343503e+02
         vertex 5.656854e+01 7.071068e+00 1.343503e+02
      endloop
   endfacet
   facet normal 0.000000e+00 0.000000e+00 1.000000e+00
      outer loop
         vertex -3.535534e+00 6.717515e+01 1.343503e+02
         vertex -7.071068e+00 5.656854e+01 1.343503e+02
         vertex 7.071068e+00 5.656854e+01 1.343503e+02
      endloop
   endfacet
   facet normal 0.000000e+00 -0.000000e+00 1.000000e+00
      outer loop
         vertex -6.717515e+01 3.535534e+00 1.343503e+02
         vertex -5.656854e+01 7.071068e+00 1.343503e+02
         vertex -7.071068e+00 5.656854e+01 1.343503e+02
      endloop
   endfacet
   facet normal 0.000000e+00 -0.000000e+00 1.000000e+00
      outer loop
         vertex -6.717515e+01 -3.535534e+00 1.343503e+02
         vertex -5.656854e+01 -7.071068e+00 1.343503e+02
         vertex -5.656854e+01 7.071068e+00 1.343503e+02
      endloop
   endfacet
   facet normal 0.000000e+00 0.000000e+00 1.000000e+00
      outer loop
         vertex -3.535534e+00 -6.717515e+01 1.343503e+02
         vertex -7.071068e+00 -5.656854e+01 1.343503e+02
         vertex -5.656854e+01 -7.071068e+00 1.343503e+02
      endloop
   endfacet
   facet normal 0.000000e+00 0.000000e+00 1.000000e+00
      outer loop
         vertex 3.535534e+00 -6.717515e+01 1.343503e+02
         vertex 7.071068e+00 -5.656854e+01 1.343503e+02
         vertex -7.071068e+00 -5.656854e+01 1.343503e+02
      endloop
   endfacet
   facet normal -0.000000e+00 0.000000e+00 1.000000e+00
      outer loop
         vertex 6.717515e+01 -3.535534e+00 1.343503e+02
         vertex 5.656854e+01 -7.071068e+00 1.343503e+02
         vertex 7.071068e+00 -5.656854e+01 1.343503e+02
      endloop
   endfacet
   facet normal 0.000000e+00 0.000000e+00 1.000000e+00
      outer loop
         vertex 6.717515e+01 -3.535534e+00 1.343503e+02
         vertex 5.656854e+01 7.071068e+00 1.343503e+02
         vertex 5.656854e+01 -7.071068e+00 1.343503e+02
      endloop
   endfacet
   facet normal 0.000000e+00 0.000000e+00 -1.000000e+00
      outer loop
         vertex 6.217514e+01 -8.535534e+00 1.293503e+02
         vertex 8.535534e+00 -6.217514e+01 1.293503e+02
         vertex 7.071068e+00 -5.656854e+01 1.293503e+02
      endloop
   endfacet
   facet normal 0.000000e+00 0.000000e+00 -1.000000e+00
      outer loop
         vertex 8.535534e+00 -6.217514e+01 1.293503e+02
         vertex -8.535534e+00 -6.217514e+01 1.293503e+02
         vertex 7.071068e+00 -5.656854e+01 1.293503e+02
      endloop
   endfacet
   facet normal 0.000000e+00 0.000000e+00 -1.000000e+00
      outer loop
         vertex -8.535534e+00 -6.217514e+01 1.293503e+02
         vertex -6.217514e+01 -8.535534e+00 1.293503e+02
         vertex -5.656854e+01 -7.071068e+00 1.293503e+02
      endloop
   endfacet
   facet normal 0.000000e+00 0.000000e+00 -1.000000e+00
      outer loop
         vertex -6.217514e+01 -8.535534e+00 1.293503e+02
         vertex -6.217514e+01 8.535534e+00 1.293503e+02
         vertex -5.656854e+01 7.071068e+00 1.293503e+02
      endloop
   endfacet
   facet normal 0.000000e+00 -0.000000e+00 -1.000000e+00
      outer loop
         vertex -6.217514e+01 8.535534e+00 1.293503e+02
         vertex -8.535534e+00 6.217514e+01 1.293503e+02
         vertex -7.071068e+00 5.656854e+01 1.293503e+02
      endloop
   endfacet
   facet normal -0.000000e+00 0.000000e+00 -1.000000e+00
      outer loop
         vertex -8.535534e+00 6.217514e+01 1.293503e+02
         vertex 8.535534e+00 6.217514e+01 1.293503e+02
         vertex 7.071068e+00 5.656854e+01 1.293503e+02
      endloop
   endfacet
   facet normal -0.000000e+00 0.000000e+00 -1.000000e+00
      outer loop
         vertex 8.535534e+00 6.217514e+01 1.293503e+02
         vertex 6.217514e+01 8.535534e+00 1.293503e+02
         vertex 5.656854e+01 7.071068e+00 1.293503e+02
      endloop
   endfacet
   facet normal 0.000000e+00 0.000000e+00 -1.000000e+00
      outer loop
         vertex 6.217514e+01 8.535534e+00 1.293503e+02
         vertex 6.217514e+01 -8.535534e+00 1.293503e+02
         vertex 5.656854e+01 -7.071068e+00 1.293503e+02
      endloop
   endfacet
   facet normal 0.000000e+00 -0.000000e+00 -1.000000e+00
      outer loop
         vertex 7.071068e+00 -5.656854e+01 1.293503e+02
         vertex 5.656854e+01 -7.071068e+00 1.293503e+02
         vertex 6.217514e+01 -8.535534e+00 1.293503e+02
      endloop
   endfacet
   facet normal 0.000000e+00 0.000000e+00 -1.000000e+00
      outer loop
         vertex 5.656854e+01 -7.071068e+00 1.293503e+02
         vertex 5.656854e+01 7.071068e+00 1.293503e+02
         vertex 6.217514e+01 8.535534e+00 1.293503e+02
      endloop
   endfacet
   facet normal 0.000000e+00 0.000000e+00 -1.000000e+00
      outer loop
         vertex 5.656854e+01 7.071068e+00 1.293503e+02
         vertex 7.071068e+00 5.656854e+01 1.293503e+02
         vertex 8.535534e+00 6.217514e+01 1.293503e+02
      endloop
   endfacet
   facet normal 0.000000e+00 0.000000e+00 -1.000000e+00
      outer loop
         vertex 7.071068e+00 5.656854e+01 1.293503e+02
         vertex -7.071068e+00 5.656854e+01 1.293503e+02
         vertex -8.535534e+00 6.217514e+01 1.293503e+02
      endloop
   endfacet
   facet normal 0.000000e+00 0.000000e+00 -1.000000e+00
      outer loop
         vertex -7.071068e+00 5.656854e+01 1.293503e+02
         vertex -5.656854e+01 7.071068e+00 1.293503e+02
         vertex -6.217514e+01 8.535534e+00 1.293503e+02
      endloop
   endfacet
   facet normal -0.000000e+00 0.000000e+00 -1.000000e+00
      outer loop
         vertex -5.656854e+01 7.071068e+00 1.293503e+02
         vertex -5.656854e+01 -7.071068e+00 1.293503e+02
         vertex -6.217514e+01 -8.535534e+00 1.293503e+02
      endloop
   endfacet
   facet normal -0.000000e+00 0.000000e+00 -1.000000e+00
      outer loop
         vertex -5.656854e+01 -7.071068e+00 1.293503e+02
         vertex -7.071068e+00 -5.656854e+01 1.293503e+02
         vertex -8.535534e+00 -6.217514e+01 1.293503e+02
      endloop
   endfacet
   facet normal -0.000000e+00 0.000000e+00 -1.000000e+00
      outer loop
         vertex -7.071068e+00 -5.656854e+01 1.293503e+02
         vertex 7.071068e+00 -5.656854e+01 1.293503e+02
         vertex -8.535534e+00 -6.217514e+01 1.293503e+02
      endloop
   endfacet
   facet normal 7.071068e-01 -7.071068e-01 0.000000e+00
      outer loop
         vertex -7.071068e+00 5.656854e+01 1.293503e+02
         vertex -7.071068e+00 5.656854e+01 1.343503e+02
         vertex -5.656854e+01 7.071068e+00 1.343503e+02
      endloop
   endfacet
   facet normal 7.071068e-01 -7.071068e-01 0.000000e+00
      outer loop
         vertex -5.656854e+01 7.071068e+00 1.343503e+02
         vertex -5.656854e+01 7.071068e+00 1.293503e+02
         vertex -7.071068e+00 5.656854e+01 1.293503e+02
      endloop
   endfacet
   facet normal 7.071068e-01 7.071068e-01 0.000000e+00
      outer loop
         vertex -5.656854e+01 -7.071068e+00 1.293503e+02
         vertex -5.656854e+01 -7.071068e+00 1.343503e+02
         vertex -7.071068e+00 -5.656854e+01 1.343503e+02
      endloop
   endfacet
   facet normal 7.071068e-01 7.071068e-01 -0.000000e+00
      outer loop
         vertex -7.071068e+00 -5.656854e+01 1.343503e+02
         vertex -7.071068e+00 -5.656854e+01 1.293503e+02
         vertex -5.656854e+01 -7.071068e+00 1.293503e+02
      endloop
   endfacet
   facet normal -7.071068e-01 7.071068e-01 0.000000e+00
      outer loop
         vertex 7.071068e+00 -5.656854e+01 1.293503e+02
         vertex 7.071068e+00 -5.656854e+01 1.343503e+02
         vertex 5.656854e+01 -7.071068e+00 1.343503e+02
      endloop
   endfacet
   facet normal -7.071068e-01 7.071068e-01 0.000000e+00
      outer loop
         vertex 5.656854e+01 -7.071068e+00 1.343503e+02
         vertex 5.656854e+01 -7.071068e+00 1.293503e+02
         vertex 7.071068e+00 -5.656854e+01 1.293503e+02
      endloop
   endfacet
   facet normal -7.071068e-01 -7.071068e-01 0.000000e+00
      outer loop
         vertex 7.071068e+00 5.656854e+01 1.343503e+02
         vertex 7.071068e+00 5.656854e+01 1.293503e+02
         vertex 5.656854e+01 7.071068e+00 1.293503e+02
      endloop
   endfacet
   facet normal -7.071068e-01 -7.071068e-01 -0.000000e+00
      outer loop
         vertex 5.656854e+01 7.071068e+00 1.293503e+02
         vertex 5.656854e+01 7.071068e+00 1.343503e+02
         vertex 7.071068e+00 5.656854e+01 1.343503e+02
      endloop
   endfacet
   facet normal 7.071068e-01 -7.071068e-01 -5.394797e-07
      outer loop
         vertex 6.717515e+01 -3.535534e+00 1.343503e+02
         vertex 3.535534e+00 -6.717515e+01 1.343503e+02
         vertex 8.535534e+00 -6.217514e+01 1.293503e+02
      endloop
   endfacet
   facet normal 7.071068e-01 -7.071068e-01 -5.394797e-07
      outer loop
         vertex 8.535534e+00 -6.217514e+01 1.293503e+02
         vertex 6.217514e+01 -8.535534e+00 1.293503e+02
         vertex 6.717515e+01 -3.535534e+00 1.343503e+02
      endloop
   endfacet
   facet normal 7.071068e-01 7.071068e-01 -5.394797e-07
      outer loop
         vertex 3.535534e+00 6.717515e+01 1.343503e+02
         vertex 6.717515e+01 3.535534e+00 1.343503e+02
         vertex 6.217514e+01 8.535534e+00 1.293503e+02
      endloop
   endfacet
   facet normal 7.071068e-01 7.071068e-01 -5.394797e-07
      outer loop
         vertex 6.217514e+01 8.535534e+00 1.293503e+02
         vertex 8.535534e+00 6.217514e+01 1.293503e+02
         vertex 3.535534e+00 6.717515e+01 1.343503e+02
      endloop
   endfacet
   facet normal -7.071068e-01 7.071068e-01 -5.394797e-07
      outer loop
         vertex -6.717515e+01 3.535534e+00 1.343503e+02
         vertex -3.535534e+00 6.717515e+01 1.343503e+02
         vertex -8.535534e+00 6.217514e+01 1.293503e+02
      endloop
   endfacet
   facet normal -7.071068e-01 7.071068e-01 -5.394797e-07
      outer loop
         vertex -8.535534e+00 6.217514e+01 1.293503e+02
         vertex -6.217514e+01 8.535534e+00 1.293503e+02
         vertex -6.717515e+01 3.535534e+00 1.343503e+02
      endloop
   endfacet
   facet normal -7.071068e-01 -7.071068e-01 -5.394797e-07
      outer loop
         vertex -6.217514e+01 -8.535534e+00 1.293503e+02
         vertex -8.535534e+00 -6.217514e+01 1.293503e+02
         vertex -3.535534e+00 -6.717515e+01 1.343503e+02
      endloop
   endfacet
   facet normal -7.071068e-01 -7.071068e-01 -5.394797e-07
      outer loop
         vertex -3.535534e+00 -6.717515e+01 1.343503e+02
         vertex -6.717515e+01 -3.535534e+00 1.343503e+02
         vertex -6.217514e+01 -8.535534e+00 1.293503e+02
      endloop
   endfacet
   facet normal 0.000000e+00 -1.000000e+00 0.000000e+00
      outer loop
         vertex 7.071068e+00 5.656854e+01 1.343503e+02
         vertex -7.071068e+00 5.656854e+01 1.343503e+02
         vertex -7.071068e+00 5.656854e+01 1.293503e+02
      endloop
   endfacet
   facet normal 0.000000e+00 -1.000000e+00 0.000000e+00
      outer loop
         vertex -7.071068e+00 5.656854e+01 1.293503e+02
         vertex 7.071068e+00 5.656854e+01 1.293503e+02
         vertex 7.071068e+00 5.656854e+01 1.343503e+02
      endloop
   endfacet
   facet normal 1.000000e+00 -0.000000e+00 0.000000e+00
      outer loop
         vertex -5.656854e+01 7.071068e+00 1.343503e+02
         vertex -5.656854e+01 -7.071068e+00 1.343503e+02
         vertex -5.656854e+01 -7.071068e+00 1.293503e+02
      endloop
   endfacet
   facet normal 1.000000e+00 0.000000e+00 -0.000000e+00
      outer loop
         vertex -5.656854e+01 -7.071068e+00 1.293503e+02
         vertex -5.656854e+01 7.071068e+00 1.293503e+02
         vertex -5.656854e+01 7.071068e+00 1.343503e+02
      endloop
   endfacet
   facet normal 0.000000e+00 1.000000e+00 0.000000e+00
      outer loop
         vertex -7.071068e+00 -5.656854e+01 1.343503e+02
         vertex 7.071068e+00 -5.656854e+01 1.343503e+02
         vertex 7.071068e+00 -5.656854e+01 1.293503e+02
      endloop
   endfacet
   facet normal 0.000000e+00 1.000000e+00 0.000000e+00
      outer loop
         vertex 7.071068e+00 -5.656854e+01 1.293503e+02
         vertex -7.071068e+00 -5.656854e+01 1.293503e+02
         vertex -7.071068e+00 -5.656854e+01 1.343503e+02
      endloop
   endfacet
   facet normal -1.000000e+00 -0.000000e+00 -0.000000e+00
      outer loop
         vertex 5.656854e+01 -7.071068e+00 1.343503e+02
         vertex 5.656854e+01 7.071068e+00 1.343503e+02
         vertex 5.656854e+01 7.071068e+00 1.293503e+02
      endloop
   endfacet
   facet normal -1.000000e+00 0.000000e+00 0.000000e+00
      outer loop
         vertex 5.656854e+01 7.071068e+00 1.293503e+02
         vertex 5.656854e+01 -7.071068e+00 1.293503e+02
         vertex 5.656854e+01 -7.071068e+00 1.343503e+02
      endloop
   endfacet
   facet normal -7.071065e-01 -0.000000e+00 -7.071071e-01
      outer loop
         vertex -6.717515e+01 -3.535534e+00 1.343503e+02
         vertex -6.717515e+01 3.535534e+00 1.343503e+02
         vertex -6.217514e+01 8.535534e+00 1.293503e+02
      endloop
   endfacet
   facet normal -7.071065e-01 0.000000e+00 -7.071071e-01
      outer loop
         vertex -6.217514e+01 8.535534e+00 1.293503e+02
         vertex -6.217514e+01 -8.535534e+00 1.293503e+02
         vertex -6.717515e+01 -3.535534e+00 1.343503e+02
      endloop
   endfacet
   facet normal 0.000000e+00 7.071065e-01 -7.071071e-01
      outer loop
         vertex -3.535534e+00 6.717515e+01 1.343503e+02
         vertex 3.535534e+00 6.717515e+01 1.343503e+02
         vertex 8.535534e+00 6.217514e+01 1.293503e+02
      endloop
   endfacet
   facet normal 0.000000e+00 7.071065e-01 -7.071071e-01
      outer loop
         vertex 8.535534e+00 6.217514e+01 1.293503e+02
         vertex -8.535534e+00 6.217514e+01 1.293503e+02
         vertex -3.535534e+00 6.717515e+01 1.343503e+02
      endloop
   endfacet
   facet normal 7.071065e-01 0.000000e+00 -7.071071e-01
      outer loop
         vertex 6.717515e+01 3.535534e+00 1.343503e+02
         vertex 6.717515e+01 -3.535534e+00 1.343503e+02
         vertex 6.217514e+01 -8.535534e+00 1.293503e+02
      endloop
   endfacet
   facet normal 7.071065e-01 0.000000e+00 -7.071071e-01
      outer loop
         vertex 6.217514e+01 -8.535534e+00 1.293503e+02
         vertex 6.217514e+01 8.535534e+00 1.293503e+02
         vertex 6.717515e+01 3.535534e+00 1.343503e+02
      endloop
   endfacet
   facet normal 0.000000e+00 -7.071065e-01 -7.071071e-01
      outer loop
         vertex 3.535534e+00 -6.717515e+01 1.343503e+02
         vertex -3.535534e+00 -6.717515e+01 1.343503e+02
         vertex -8.535534e+00 -6.217514e+01 1.293503e+02
      endloop
   endfacet
   facet normal -0.000000e+00 -7.071065e-01 -7.071071e-01
      outer loop
         vertex -8.535534e+00 -6.217514e+01 1.293503e+02
         vertex 8.535534e+00 -6.217514e+01 1.293503e+02
         vertex 3.535534e+00 -6.717515e+01 1.343503e+02
      endloop
   endfacet
   facet normal 0.000000e+00 1.000000e+00 0.000000e+00
      outer loop
         vertex 7.071068e+00 6.717515e+01 1.237437e+02
         vertex 3.535534e+00 6.717515e+01 1.343503e+02
         vertex 6.717515e+01 6.717515e+01 7.071068e+01
      endloop
   endfacet
   facet normal -0.000000e+00 1.000000e+00 0.000000e+00
      outer loop
         vertex -7.071068e+00 6.717515e+01 1.237437e+02
         vertex -3.535534e+00 6.717515e+01 1.343503e+02
         vertex 3.535534e+00 6.717515e+01 1.343503e+02
      endloop
   endfacet
   facet normal 0.000000e+00 1.000000e+00 0.000000e+00
      outer loop
         vertex -5.656854e+01 6.717515e+01 7.424622e+01
         vertex -6.717515e+01 6.717515e+01 7.071068e+01
         vertex -3.535534e+00 6.717515e+01 1.343503e+02
      endloop
   endfacet
   facet normal 0.000000e+00 1.000000e+00 0.000000e+00
      outer loop
         vertex -5.656854e+01 6.717515e+01 7.424622e+01
         vertex -6.717515e+01 6.717515e+01 6.363961e+01
         vertex -6.717515e+01 6.717515e+01 7.071068e+01
      endloop
   endfacet
   facet normal 0.000000e+00 1.000000e+00 0.000000e+00
      outer loop
         vertex -7.071068e+00 6.717515e+01 1.060660e+01
         vertex -3.535534e+00 6.717515e+01 -3.797532e-06
         vertex -6.717515e+01 6.717515e+01 6.363961e+01
      endloop
   endfacet
   facet normal 0.000000e+00 1.000000e+00 -0.000000e+00
      outer loop
         vertex 7.071068e+00 6.717515e+01 1.060660e+01
         vertex 3.535534e+00 6.717515e+01 -3.797532e-06
         vertex -3.535534e+00 6.717515e+01 -3.797532e-06
      endloop
   endfacet
   facet normal 0.000000e+00 1.000000e+00 0.000000e+00
      outer loop
         vertex 5.656854e+01 6.717515e+01 6.010408e+01
         vertex 6.717515e+01 6.717515e+01 6.363961e+01
         vertex 3.535534e+00 6.717515e+01 -3.797532e-06
      endloop
   endfacet
   facet normal 0.000000e+00 1.000000e+00 0.000000e+00
      outer loop
         vertex 5.656854e+01 6.717515e+01 7.424622e+01
         vertex 6.717515e+01 6.717515e+01 7.071068e+01
         vertex 6.717515e+01 6.717515e+01 6.363961e+01
      endloop
   endfacet
   facet normal 0.000000e+00 1.000000e+00 -0.000000e+00
      outer loop
         vertex -3.535534e+00 6.717515e+01 1.343503e+02
         vertex -7.071068e+00 6.717515e+01 1.237437e+02
         vertex -5.656854e+01 6.717515e+01 7.424622e+01
      endloop
   endfacet
   facet normal 0.000000e+00 1.000000e+00 0.000000e+00
      outer loop
         vertex 3.535534e+00 6.717515e+01 1.343503e+02
         vertex 7.071068e+00 6.717515e+01 1.237437e+02
         vertex -7.071068e+00 6.717515e+01 1.237437e+02
      endloop
   endfacet
   facet normal -0.000000e+00 1.000000e+00 -0.000000e+00
      outer loop
         vertex 6.717515e+01 6.717515e+01 7.071068e+01
         vertex 5.656854e+01 6.717515e+01 7.424622e+01
         vertex 7.071068e+00 6.717515e+01 1.237437e+02
      endloop
   endfacet
   facet normal 0.000000e+00 1.000000e+00 0.000000e+00
      outer loop
         vertex 6.717515e+01 6.717515e+01 6.363961e+01
         vertex 5.656854e+01 6.717515e+01 6.010408e+01
         vertex 5.656854e+01 6.717515e+01 7.424622e+01
      endloop
   endfacet
   facet normal -0.000000e+00 1.000000e+00 0.000000e+00
      outer loop
         vertex 3.535534e+00 6.717515e+01 -3.797532e-06
         vertex 7.071068e+00 6.717515e+01 1.060660e+01
         vertex 5.656854e+01 6.717515e+01 6.010408e+01
      endloop
   endfacet
   facet normal -0.000000e+00 1.000000e+00 0.000000e+00
      outer loop
         vertex -3.535534e+00 6.717515e+01 -3.797532e-06
         vertex -7.071068e+00 6.717515e+01 1.060660e+01
         vertex 7.071068e+00 6.717515e+01 1.060660e+01
      endloop
   endfacet
   facet normal 0.000000e+00 1.000000e+00 0.000000e+00
      outer loop
         vertex -6.717515e+01 6.717515e+01 6.363961e+01
         vertex -5.656854e+01 6.717515e+01 6.010408e+01
         vertex -7.071068e+00 6.717515e+01 1.060660e+01
      endloop
   endfacet
   facet normal 0.000000e+00 1.000000e+00 0.000000e+00
      outer loop
         vertex -6.717515e+01 6.717515e+01 6.363961e+01
         vertex -5.656854e+01 6.717515e+01 7.424622e+01
         vertex -5.656854e+01 6.717515e+01 6.010408e+01
      endloop
   endfacet
   facet normal 0.000000e+00 -1.000000e+00 0.000000e+00
      outer loop
         vertex -6.217514e+01 6.217514e+01 5.863961e+01
         vertex -8.535534e+00 6.217514e+01 5.000000e+00
         vertex -7.071068e+00 6.217514e+01 1.060660e+01
      endloop
   endfacet
   facet normal 0.000000e+00 -1.000000e+00 0.000000e+00
      outer loop
         vertex -8.535534e+00 6.217514e+01 5.000000e+00
         vertex 8.535534e+00 6.217514e+01 5.000000e+00
         vertex -7.071068e+00 6.217514e+01 1.060660e+01
      endloop
   endfacet
   facet normal -0.000000e+00 -1.000000e+00 0.000000e+00
      outer loop
         vertex 8.535534e+00 6.217514e+01 5.000000e+00
         vertex 6.217514e+01 6.217514e+01 5.863961e+01
         vertex 5.656854e+01 6.217514e+01 6.010408e+01
      endloop
   endfacet
   facet normal 0.000000e+00 -1.000000e+00 -0.000000e+00
      outer loop
         vertex 6.217514e+01 6.217514e+01 5.863961e+01
         vertex 6.217514e+01 6.217514e+01 7.571068e+01
         vertex 5.656854e+01 6.217514e+01 7.424622e+01
      endloop
   endfacet
   facet normal 0.000000e+00 -1.000000e+00 -0.000000e+00
      outer loop
         vertex 6.217514e+01 6.217514e+01 7.571068e+01
         vertex 8.535534e+00 6.217514e+01 1.293503e+02
         vertex 7.071068e+00 6.217514e+01 1.237437e+02
      endloop
   endfacet
   facet normal 0.000000e+00 -1.000000e+00 0.000000e+00
      outer loop
         vertex 8.535534e+00 6.217514e+01 1.293503e+02
         vertex -8.535534e+00 6.217514e+01 1.293503e+02
         vertex -7.071068e+00 6.217514e+01 1.237437e+02
      endloop
   endfacet
   facet normal 0.000000e+00 -1.000000e+00 0.000000e+00
      outer loop
         vertex -8.535534e+00 6.217514e+01 1.293503e+02
         vertex -6.217514e+01 6.217514e+01 7.571068e+01
         vertex -5.656854e+01 6.217514e+01 7.424622e+01
      endloop
   endfacet
   facet normal 0.000000e+00 -1.000000e+00 0.000000e+00
      outer loop
         vertex -6.217514e+01 6.217514e+01 7.571068e+01
         vertex -6.217514e+01 6.217514e+01 5.863961e+01
         vertex -5.656854e+01 6.217514e+01 6.010408e+01
      endloop
   endfacet
   facet normal 0.000000e+00 -1.000000e+00 -0.000000e+00
      outer loop
         vertex -7.071068e+00 6.217514e+01 1.060660e+01
         vertex -5.656854e+01 6.217514e+01 6.010408e+01
         vertex -6.217514e+01 6.217514e+01 5.863961e+01
      endloop
   endfacet
   facet normal -0.000000e+00 -1.000000e+00 -0.000000e+00
      outer loop
         vertex -5.656854e+01 6.217514e+01 6.010408e+01
         vertex -5.656854e+01 6.217514e+01 7.424622e+01
         vertex -6.217514e+01 6.217514e+01 7.571068e+01
      endloop
   endfacet
   facet normal -0.000000e+00 -1.000000e+00 0.000000e+00
      outer loop
         vertex -5.656854e+01 6.217514e+01 7.424622e+01
         vertex -7.071068e+00 6.217514e+01 1.237437e+02
         vertex -8.535534e+00 6.217514e+01 1.293503e+02
      endloop
   endfacet
   facet normal 0.000000e+00 -1.000000e+00 0.000000e+00
      outer loop
         vertex -7.071068e+00 6.217514e+01 1.237437e+02
         vertex 7.071068e+00 6.217514e+01 1.237437e+02
         vertex 8.535534e+00 6.217514e+01 1.293503e+02
      endloop
   endfacet
   facet normal 0.000000e+00 -1.000000e+00 0.000000e+00
      outer loop
         vertex 7.071068e+00 6.217514e+01 1.237437e+02
         vertex 5.656854e+01 6.217514e+01 7.424622e+01
         vertex 6.217514e+01 6.217514e+01 7.571068e+01
      endloop
   endfacet
   facet normal 0.000000e+00 -1.000000e+00 0.000000e+00
      outer loop
         vertex 5.656854e+01 6.217514e+01 7.424622e+01
         vertex 5.656854e+01 6.217514e+01 6.010408e+01
         vertex 6.217514e+01 6.217514e+01 5.863961e+01
      endloop
   endfacet
   facet normal 0.000000e+00 -1.000000e+00 0.000000e+00
      outer loop
         vertex 5.656854e+01 6.217514e+01 6.010408e+01
         vertex 7.071068e+00 6.217514e+01 1.060660e+01
         vertex 8.535534e+00 6.217514e+01 5.000000e+00
      endloop
   endfacet
   facet normal 0.000000e+00 -1.000000e+00 0.000000e+00
      outer loop
         vertex 7.071068e+00 6.217514e+01 1.060660e+01
         vertex -7.071068e+00 6.217514e+01 1.060660e+01
         vertex 8.535534e+00 6.217514e+01 5.000000e+00
      endloop
   endfacet
   facet normal -7.071068e-01 -0.000000e+00 -7.071068e-01
      outer loop
         vertex 7.071068e+00 6.217514e+01 1.237437e+02
         vertex 7.071068e+00 6.717515e+01 1.237437e+02
         vertex 5.656854e+01 6.717515e+01 7.424622e+01
      endloop
   endfacet
   facet normal -7.071068e-01 0.000000e+00 -7.071068e-01
      outer loop
         vertex 5.656854e+01 6.717515e+01 7.424622e+01
         vertex 5.656854e+01 6.217514e+01 7.424622e+01
         vertex 7.071068e+00 6.217514e+01 1.237437e+02
      endloop
   endfacet
   facet normal -7.071068e-01 0.000000e+00 7.071068e-01
      outer loop
         vertex 5.656854e+01 6.217514e+01 6.010408e+01
         vertex 5.656854e+01 6.717515e+01 6.010408e+01
         vertex 7.071068e+00 6.717515e+01 1.060660e+01
      endloop
   endfacet
   facet normal -7.071068e-01 0.000000e+00 7.071068e-01
      outer loop
         vertex 7.071068e+00 6.717515e+01 1.060660e+01
         vertex 7.071068e+00 6.217514e+01 1.060660e+01
         vertex 5.656854e+01 6.217514e+01 6.010408e+01
      endloop
   endfacet
   facet normal 7.071068e-01 0.000000e+00 7.071068e-01
      outer loop
         vertex -7.071068e+00 6.217514e+01 1.060660e+01
         vertex -7.071068e+00 6.717515e+01 1.060660e+01
         vertex -5.656854e+01 6.717515e+01 6.010408e+01
      endloop
   endfacet
   facet normal 7.071068e-01 -0.000000e+00 7.071068e-01
      outer loop
         vertex -5.656854e+01 6.717515e+01 6.010408e+01
         vertex -5.656854e+01 6.217514e+01 6.010408e+01
         vertex -7.071068e+00 6.217514e+01 1.060660e+01
      endloop
   endfacet
   facet normal 7.071068e-01 0.000000e+00 -7.071068e-01
      outer loop
         vertex -7.071068e+00 6.717515e+01 1.237437e+02
         vertex -7.071068e+00 6.217514e+01 1.237437e+02
         vertex -5.656854e+01 6.217514e+01 7.424622e+01
      endloop
   endfacet
   facet normal 7.071068e-01 0.000000e+00 -7.071068e-01
      outer loop
         vertex -5.656854e+01 6.217514e+01 7.424622e+01
         vertex -5.656854e+01 6.717515e+01 7.424622e+01
         vertex -7.071068e+00 6.717515e+01 1.237437e+02
      endloop
   endfacet
   facet normal -7.071068e-01 -5.372424e-07 -7.071068e-01
      outer loop
         vertex -6.717515e+01 6.717515e+01 6.363961e+01
         vertex -3.535534e+00 6.717515e+01 -3.797532e-06
         vertex -8.535534e+00 6.217514e+01 5.000000e+00
      endloop
   endfacet
   facet normal -7.071068e-01 -5.394792e-07 -7.071068e-01
      outer loop
         vertex -8.535534e+00 6.217514e+01 5.000000e+00
         vertex -6.217514e+01 6.217514e+01 5.863961e+01
         vertex -6.717515e+01 6.717515e+01 6.363961e+01
      endloop
   endfacet
   facet normal -7.071068e-01 -5.818648e-07 7.071068e-01
      outer loop
         vertex -3.535534e+00 6.717515e+01 1.343503e+02
         vertex -6.717515e+01 6.717515e+01 7.071068e+01
         vertex -6.217514e+01 6.217514e+01 7.571068e+01
      endloop
   endfacet
   facet normal -7.071068e-01 1.005748e-07 7.071067e-01
      outer loop
         vertex -6.217514e+01 6.217514e+01 7.571068e+01
         vertex -8.535534e+00 6.217514e+01 1.293503e+02
         vertex -3.535534e+00 6.717515e+01 1.343503e+02
      endloop
   endfacet
   facet normal 7.071068e-01 4.238549e-08 7.071068e-01
      outer loop
         vertex 6.717515e+01 6.717515e+01 7.071068e+01
         vertex 3.535534e+00 6.717515e+01 1.343503e+02
         vertex 8.535534e+00 6.217514e+01 1.293503e+02
      endloop
   endfacet
   facet normal 7.071068e-01 -6.400541e-07 7.071067e-01
      outer loop
         vertex 8.535534e+00 6.217514e+01 1.293503e+02
         vertex 6.217514e+01 6.217514e+01 7.571068e+01
         vertex 6.717515e+01 6.717515e+01 7.071068e+01
      endloop
   endfacet
   facet normal 7.071068e-01 -5.370517e-07 -7.071068e-01
      outer loop
         vertex 6.217514e+01 6.217514e+01 5.863961e+01
         vertex 8.535534e+00 6.217514e+01 5.000000e+00
         vertex 3.535534e+00 6.717515e+01 -3.797532e-06
      endloop
   endfacet
   facet normal 7.071068e-01 -5.392885e-07 -7.071068e-01
      outer loop
         vertex 3.535534e+00 6.717515e+01 -3.797532e-06
         vertex 6.717515e+01 6.717515e+01 6.363961e+01
         vertex 6.217514e+01 6.217514e+01 5.863961e+01
      endloop
   endfacet
   facet normal -0.000000e+00 -0.000000e+00 -1.000000e+00
      outer loop
         vertex -7.071068e+00 6.717515e+01 1.237437e+02
         vertex 7.071068e+00 6.717515e+01 1.237437e+02
         vertex 7.071068e+00 6.217514e+01 1.237437e+02
      endloop
   endfacet
   facet normal 0.000000e+00 0.000000e+00 -1.000000e+00
      outer loop
         vertex 7.071068e+00 6.217514e+01 1.237437e+02
         vertex -7.071068e+00 6.217514e+01 1.237437e+02
         vertex -7.071068e+00 6.717515e+01 1.237437e+02
      endloop
   endfacet
   facet normal -1.000000e+00 0.000000e+00 0.000000e+00
      outer loop
         vertex 5.656854e+01 6.717515e+01 7.424622e+01
         vertex 5.656854e+01 6.717515e+01 6.010408e+01
         vertex 5.656854e+01 6.217514e+01 6.010408e+01
      endloop
   endfacet
   facet normal -1.000000e+00 0.000000e+00 0.000000e+00
      outer loop
         vertex 5.656854e+01 6.217514e+01 6.010408e+01
         vertex 5.656854e+01 6.217514e+01 7.424622e+01
         vertex 5.656854e+01 6.717515e+01 7.424622e+01
      endloop
   endfacet
   facet normal -0.000000e+00 0.000000e+00 1.000000e+00
      outer loop
         vertex 7.071068e+00 6.717515e+01 1.060660e+01
         vertex -7.071068e+00 6.717515e+01 1.060660e+01
         vertex -7.071068e+00 6.217514e+01 1.060660e+01
      endloop
   endfacet
   facet normal 0.000000e+00 -0.000000e+00 1.000000e+00
      outer loop
         vertex -7.071068e+00 6.217514e+01 1.060660e+01
         vertex 7.071068e+00 6.217514e+01 1.060660e+01
         vertex 7.071068e+00 6.717515e+01 1.060660e+01
      endloop
   endfacet
   facet normal 1.000000e+00 0.000000e+00 0.000000e+00
      outer loop
         vertex -5.656854e+01 6.717515e+01 6.010408e+01
         vertex -5.656854e+01 6.717515e+01 7.424622e+01
         vertex -5.656854e+01 6.217514e+01 7.424622e+01
      endloop
   endfacet
   facet normal 1.000000e+00 0.000000e+00 0.000000e+00
      outer loop
         vertex -5.656854e+01 6.217514e+01 7.424622e+01
         vertex -5.656854e+01 6.217514e+01 6.010408e+01
         vertex -5.656854e+01 6.717515e+01 6.010408e+01
      endloop
   endfacet
   facet normal 7.071068e-01 -7.071068e-01 0.000000e+00
      outer loop
         vertex 6.717515e+01 6.717515e+01 6.363961e+01
         vertex 6.717515e+01 6.717515e+01 7.071068e+01
         vertex 6.217514e+01 6.217514e+01 7.571068e+01
      endloop
   endfacet
   facet normal 7.071068e-01 -7.071068e-01 0.000000e+00
      outer loop
         vertex 6.217514e+01 6.217514e+01 7.571068e+01
         vertex 6.217514e+01 6.217514e+01 5.863961e+01
         vertex 6.717515e+01 6.717515e+01 6.363961e+01
      endloop
   endfacet
   facet normal 0.000000e+00 -7.071065e-01 7.071071e-01
      outer loop
         vertex 3.535534e+00 6.717515e+01 1.343503e+02
         vertex -3.535534e+00 6.717515e+01 1.343503e+02
         vertex -8.535534e+00 6.217514e+01 1.293503e+02
      endloop
   endfacet
   facet normal 0.000000e+00 -7.071065e-01 7.071071e-01
      outer loop
         vertex -8.535534e+00 6.217514e+01 1.293503e+02
         vertex 8.535534e+00 6.217514e+01 1.293503e+02
         vertex 3.535534e+00 6.717515e+01 1.343503e+02
      endloop
   endfacet
   facet normal -7.071068e-01 -7.071068e-01 0.000000e+00
      outer loop
         vertex -6.717515e+01 6.717515e+01 7.071068e+01
         vertex -6.717515e+01 6.717515e+01 6.363961e+01
         vertex -6.217514e+01 6.217514e+01 5.863961e+01
      endloop
   endfacet
   facet normal -7.071068e-01 -7.071068e-01 -0.000000e+00
      outer loop
         vertex -6.217514e+01 6.217514e+01 5.863961e+01
         vertex -6.217514e+01 6.217514e+01 7.571068e+01
         vertex -6.717515e+01 6.717515e+01 7.071068e+01
      endloop
   endfacet
   facet normal -0.000000e+00 -7.071068e-01 -7.071068e-01
      outer loop
         vertex -3.535534e+00 6.717515e+01 -3.797532e-06
         vertex 3.535534e+00 6.717515e+01 -3.797532e-06
         vertex 8.535534e+00 6.217514e+01 5.000000e+00
      endloop
   endfacet
   facet normal 0.000000e+00 -7.071068e-01 -7.071068e-01
      outer loop
         vertex 8.535534e+00 6.217514e+01 5.000000e+00
         vertex -8.535534e+00 6.217514e+01 5.000000e+00
         vertex -3.535534e+00 6.717515e+01 -3.797532e-06
      endloop
   endfacet
   facet normal 0.000000e+00 -1.000000e+00 0.000000e+00
      outer loop
         vertex 7.071068e+00 -6.717515e+01 1.060660e+01
         vertex 3.535534e+00 -6.717515e+01 -3.797532e-06
         vertex 6.717515e+01 -6.717515e+01 6.363961e+01
      endloop
   endfacet
   facet normal 0.000000e+00 -1.000000e+00 0.000000e+00
      outer loop
         vertex -7.071068e+00 -6.717515e+01 1.060660e+01
         vertex -3.535534e+00 -6.717515e+01 -3.797532e-06
         vertex 3.535534e+00 -6.717515e+01 -3.797532e-06
      endloop
   endfacet
   facet normal 0.000000e+00 -1.000000e+00 0.000000e+00
      outer loop
         vertex -5.656854e+01 -6.717515e+01 6.010408e+01
         vertex -6.717515e+01 -6.717515e+01 6.363961e+01
         vertex -3.535534e+00 -6.717515e+01 -3.797532e-06
      endloop
   endfacet
   facet normal 0.000000e+00 -1.000000e+00 0.000000e+00
      outer loop
         vertex -5.656854e+01 -6.717515e+01 6.010408e+01
         vertex -6.717515e+01 -6.717515e+01 7.071068e+01
         vertex -6.717515e+01 -6.717515e+01 6.363961e+01
      endloop
   endfacet
   facet normal 0.000000e+00 -1.000000e+00 0.000000e+00
      outer loop
         vertex -7.071068e+00 -6.717515e+01 1.237437e+02
         vertex -3.535534e+00 -6.717515e+01 1.343503e+02
         vertex -6.717515e+01 -6.717515e+01 7.071068e+01
      endloop
   endfacet
   facet normal -0.000000e+00 -1.000000e+00 -0.000000e+00
      outer loop
         vertex 7.071068e+00 -6.717515e+01 1.237437e+02
         vertex 3.535534e+00 -6.717515e+01 1.343503e+02
         vertex -3.535534e+00 -6.717515e+01 1.343503e+02
      endloop
   endfacet
   facet normal 0.000000e+00 -1.000000e+00 0.000000e+00
      outer loop
         vertex 5.656854e+01 -6.717515e+01 7.424622e+01
         vertex 6.717515e+01 -6.717515e+01 7.071068e+01
         vertex 3.535534e+00 -6.717515e+01 1.343503e+02
      endloop
   endfacet
   facet normal -0.000000e+00 -1.000000e+00 0.000000e+00
      outer loop
         vertex 5.656854e+01 -6.717515e+01 6.010408e+01
         vertex 6.717515e+01 -6.717515e+01 6.363961e+01
         vertex 6.717515e+01 -6.717515e+01 7.071068e+01
      endloop
   endfacet
   facet normal -0.000000e+00 -1.000000e+00 -0.000000e+00
      outer loop
         vertex -3.535534e+00 -6.717515e+01 -3.797532e-06
         vertex -7.071068e+00 -6.717515e+01 1.060660e+01
         vertex -5.656854e+01 -6.717515e+01 6.010408e+01
      endloop
   endfacet
   facet normal -0.000000e+00 -1.000000e+00 0.000000e+00
      outer loop
         vertex 3.535534e+00 -6.717515e+01 -3.797532e-06
         vertex 7.071068e+00 -6.717515e+01 1.060660e+01
         vertex -7.071068e+00 -6.717515e+01 1.060660e+01
      endloop
   endfacet
   facet normal 0.000000e+00 -1.000000e+00 -0.000000e+00
      outer loop
         vertex 6.717515e+01 -6.717515e+01 6.363961e+01
         vertex 5.656854e+01 -6.717515e+01 6.010408e+01
         vertex 7.071068e+00 -6.717515e+01 1.060660e+01
      endloop
   endfacet
   facet normal 0.000000e+00 -1.000000e+00 0.000000e+00
      outer loop
         vertex 6.717515e+01 -6.717515e+01 7.071068e+01
         vertex 5.656854e+01 -6.717515e+01 7.424622e+01
         vertex 5.656854e+01 -6.717515e+01 6.010408e+01
      endloop
   endfacet
   facet normal 0.000000e+00 -1.000000e+00 0.000000e+00
      outer loop
         vertex 3.535534e+00 -6.717515e+01 1.343503e+02
         vertex 7.071068e+00 -6.717515e+01 1.237437e+02
         vertex 5.656854e+01 -6.717515e+01 7.424622e+01
      endloop
   endfacet
   facet normal 0.000000e+00 -1.000000e+00 0.000000e+00
      outer loop
         vertex -3.535534e+00 -6.717515e+01 1.343503e+02
         vertex -7.071068e+00 -6.717515e+01 1.237437e+02
         vertex 7.071068e+00 -6.717515e+01 1.237437e+02
      endloop
   endfacet
   facet normal -0.000000e+00 -1.000000e+00 0.000000e+00
      outer loop
         vertex -6.717515e+01 -6.717515e+01 7.071068e+01
         vertex -5.656854e+01 -6.717515e+01 7.424622e+01
         vertex -7.071068e+00 -6.717515e+01 1.237437e+02
      endloop
   endfacet
   facet normal 0.000000e+00 -1.000000e+00 0.000000e+00
      outer loop
         vertex -6.717515e+01 -6.717515e+01 7.071068e+01
         vertex -5.656854e+01 -6.717515e+01 6.010408e+01
         vertex -5.656854e+01 -6.717515e+01 7.424622e+01
      endloop
   endfacet
   facet normal 0.000000e+00 1.000000e+00 0.000000e+00
      outer loop
         vertex -6.217514e+01 -6.217514e+01 7.571068e+01
         vertex -8.535534e+00 -6.217514e+01 1.293503e+02
         vertex -7.071068e+00 -6.217514e+01 1.237437e+02
      endloop
   endfacet
   facet normal 0.000000e+00 1.000000e+00 0.000000e+00
      outer loop
         vertex -8.535534e+00 -6.217514e+01 1.293503e+02
         vertex 8.535534e+00 -6.217514e+01 1.293503e+02
         vertex -7.071068e+00 -6.217514e+01 1.237437e+02
      endloop
   endfacet
   facet normal 0.000000e+00 1.000000e+00 0.000000e+00
      outer loop
         vertex 8.535534e+00 -6.217514e+01 1.293503e+02
         vertex 6.217514e+01 -6.217514e+01 7.571068e+01
         vertex 5.656854e+01 -6.217514e+01 7.424622e+01
      endloop
   endfacet
   facet normal 0.000000e+00 1.000000e+00 -0.000000e+00
      outer loop
         vertex 6.217514e+01 -6.217514e+01 7.571068e+01
         vertex 6.217514e+01 -6.217514e+01 5.863961e+01
         vertex 5.656854e+01 -6.217514e+01 6.010408e+01
      endloop
   endfacet
   facet normal 0.000000e+00 1.000000e+00 -0.000000e+00
      outer loop
         vertex 6.217514e+01 -6.217514e+01 5.863961e+01
         vertex 8.535534e+00 -6.217514e+01 5.000000e+00
         vertex 7.071068e+00 -6.217514e+01 1.060660e+01
      endloop
   endfacet
   facet normal 0.000000e+00 1.000000e+00 0.000000e+00
      outer loop
         vertex 8.535534e+00 -6.217514e+01 5.000000e+00
         vertex -8.535534e+00 -6.217514e+01 5.000000e+00
         vertex -7.071068e+00 -6.217514e+01 1.060660e+01
      endloop
   endfacet
   facet normal -0.000000e+00 1.000000e+00 0.000000e+00
      outer loop
         vertex -8.535534e+00 -6.217514e+01 5.000000e+00
         vertex -6.217514e+01 -6.217514e+01 5.863961e+01
         vertex -5.656854e+01 -6.217514e+01 6.010408e+01
      endloop
   endfacet
   facet normal 0.000000e+00 1.000000e+00 0.000000e+00
      outer loop
         vertex -6.217514e+01 -6.217514e+01 5.863961e+01
         vertex -6.217514e+01 -6.217514e+01 7.571068e+01
         vertex -5.656854e+01 -6.217514e+01 7.424622e+01
      endloop
   endfacet
   facet normal 0.000000e+00 1.000000e+00 -0.000000e+00
      outer loop
         vertex -7.071068e+00 -6.217514e+01 1.237437e+02
         vertex -5.656854e+01 -6.217514e+01 7.424622e+01
         vertex -6.217514e+01 -6.217514e+01 7.571068e+01
      endloop
   endfacet
   facet normal 0.000000e+00 1.000000e+00 -0.000000e+00
      outer loop
         vertex -5.656854e+01 -6.217514e+01 7.424622e+01
         vertex -5.656854e+01 -6.217514e+01 6.010408e+01
         vertex -6.217514e+01 -6.217514e+01 5.863961e+01
      endloop
   endfacet
   facet normal 0.000000e+00 1.000000e+00 0.000000e+00
      outer loop
         vertex -5.656854e+01 -6.217514e+01 6.010408e+01
         vertex -7.071068e+00 -6.217514e+01 1.060660e+01
         vertex -8.535534e+00 -6.217514e+01 5.000000e+00
      endloop
   endfacet
   facet normal 0.000000e+00 1.000000e+00 0.000000e+00
      outer loop
         vertex -7.071068e+00 -6.217514e+01 1.060660e+01
         vertex 7.071068e+00 -6.217514e+01 1.060660e+01
         vertex 8.535534e+00 -6.217514e+01 5.000000e+00
      endloop
   endfacet
   facet normal 0.000000e+00 1.000000e+00 0.000000e+00
      outer loop
         vertex 7.071068e+00 -6.217514e+01 1.060660e+01
         vertex 5.656854e+01 -6.217514e+01 6.010408e+01
         vertex 6.217514e+01 -6.217514e+01 5.863961e+01
      endloop
   endfacet
   facet normal -0.000000e+00 1.000000e+00 0.000000e+00
      outer loop
         vertex 5.656854e+01 -6.217514e+01 6.010408e+01
         vertex 5.656854e+01 -6.217514e+01 7.424622e+01
         vertex 6.217514e+01 -6.217514e+01 7.571068e+01
      endloop
   endfacet
   facet normal -0.000000e+00 1.000000e+00 0.000000e+00
      outer loop
         vertex 5.656854e+01 -6.217514e+01 7.424622e+01
         vertex 7.071068e+00 -6.217514e+01 1.237437e+02
         vertex 8.535534e+00 -6.217514e+01 1.293503e+02
      endloop
   endfacet
   facet normal 0.000000e+00 1.000000e+00 0.000000e+00
      outer loop
         vertex 7.071068e+00 -6.217514e+01 1.237437e+02
         vertex -7.071068e+00 -6.217514e+01 1.237437e+02
         vertex 8.535534e+00 -6.217514e+01 1.293503e+02
      endloop
   endfacet
   facet normal -7.071068e-01 0.000000e+00 7.071068e-01
      outer loop
         vertex 7.071068e+00 -6.217514e+01 1.060660e+01
         vertex 7.071068e+00 -6.717515e+01 1.060660e+01
         vertex 5.656854e+01 -6.717515e+01 6.010408e+01
      endloop
   endfacet
   facet normal -7.071068e-01 0.000000e+00 7.071068e-01
      outer loop
         vertex 5.656854e+01 -6.717515e+01 6.010408e+01
         vertex 5.656854e+01 -6.217514e+01 6.010408e+01
         vertex 7.071068e+00 -6.217514e+01 1.060660e+01
      endloop
   endfacet
   facet normal -7.071068e-01 0.000000e+00 -7.071068e-01
      outer loop
         vertex 5.656854e+01 -6.217514e+01 7.424622e+01
         vertex 5.656854e+01 -6.717515e+01 7.424622e+01
         vertex 7.071068e+00 -6.717515e+01 1.237437e+02
      endloop
   endfacet
   facet normal -7.071068e-01 -0.000000e+00 -7.071068e-01
      outer loop
         vertex 7.071068e+00 -6.717515e+01 1.237437e+02
         vertex 7.071068e+00 -6.217514e+01 1.237437e+02
         vertex 5.656854e+01 -6.217514e+01 7.424622e+01
      endloop
   endfacet
   facet normal 7.071068e-01 0.000000e+00 -7.071068e-01
      outer loop
         vertex -7.071068e+00 -6.217514e+01 1.237437e+02
         vertex -7.071068e+00 -6.717515e+01 1.237437e+02
         vertex -5.656854e+01 -6.717515e+01 7.424622e+01
      endloop
   endfacet
   facet normal 7.071068e-01 0.000000e+00 -7.071068e-01
      outer loop
         vertex -5.656854e+01 -6.717515e+01 7.424622e+01
         vertex -5.656854e+01 -6.217514e+01 7.424622e+01
         vertex -7.071068e+00 -6.217514e+01 1.237437e+02
      endloop
   endfacet
   facet normal 7.071068e-01 0.000000e+00 7.071068e-01
      outer loop
         vertex -7.071068e+00 -6.717515e+01 1.060660e+01
         vertex -7.071068e+00 -6.217514e+01 1.060660e+01
         vertex -5.656854e+01 -6.217514e+01 6.010408e+01
      endloop
   endfacet
   facet normal 7.071068e-01 -0.000000e+00 7.071068e-01
      outer loop
         vertex -5.656854e+01 -6.217514e+01 6.010408e+01
         vertex -5.656854e+01 -6.717515e+01 6.010408e+01
         vertex -7.071068e+00 -6.717515e+01 1.060660e+01
      endloop
   endfacet
   facet normal -7.071068e-01 -4.238549e-08 7.071068e-01
      outer loop
         vertex -6.717515e+01 -6.717515e+01 7.071068e+01
         vertex -3.535534e+00 -6.717515e+01 1.343503e+02
         vertex -8.535534e+00 -6.217514e+01 1.293503e+02
      endloop
   endfacet
   facet normal -7.071068e-01 6.400541e-07 7.071067e-01
      outer loop
         vertex -8.535534e+00 -6.217514e+01 1.293503e+02
         vertex -6.217514e+01 -6.217514e+01 7.571068e+01
         vertex -6.717515e+01 -6.717515e+01 7.071068e+01
      endloop
   endfacet
   facet normal -7.071068e-01 5.392885e-07 -7.071068e-01
      outer loop
         vertex -3.535534e+00 -6.717515e+01 -3.797532e-06
         vertex -6.717515e+01 -6.717515e+01 6.363961e+01
         vertex -6.217514e+01 -6.217514e+01 5.863961e+01
      endloop
   endfacet
   facet normal -7.071068e-01 5.370517e-07 -7.071068e-01
      outer loop
         vertex -6.217514e+01 -6.217514e+01 5.863961e+01
         vertex -8.535534e+00 -6.217514e+01 5.000000e+00
         vertex -3.535534e+00 -6.717515e+01 -3.797532e-06
      endloop
   endfacet
   facet normal 7.071068e-01 5.372424e-07 -7.071068e-01
      outer loop
         vertex 6.717515e+01 -6.717515e+01 6.363961e+01
         vertex 3.535534e+00 -6.717515e+01 -3.797532e-06
         vertex 8.535534e+00 -6.217514e+01 5.000000e+00
      endloop
   endfacet
   facet normal 7.071068e-01 5.394792e-07 -7.071068e-01
      outer loop
         vertex 8.535534e+00 -6.217514e+01 5.000000e+00
         vertex 6.217514e+01 -6.217514e+01 5.863961e+01
         vertex 6.717515e+01 -6.717515e+01 6.363961e+01
      endloop
   endfacet
   facet normal 7.071068e-01 -1.005748e-07 7.071067e-01
      outer loop
         vertex 6.217514e+01 -6.217514e+01 7.571068e+01
         vertex 8.535534e+00 -6.217514e+01 1.293503e+02
         vertex 3.535534e+00 -6.717515e+01 1.343503e+02
      endloop
   endfacet
   facet normal 7.071068e-01 5.818648e-07 7.071068e-01
      outer loop
         vertex 3.535534e+00 -6.717515e+01 1.343503e+02
         vertex 6.717515e+01 -6.717515e+01 7.071068e+01
         vertex 6.217514e+01 -6.217514e+01 7.571068e+01
      endloop
   endfacet
   facet normal 0.000000e+00 -0.000000e+00 1.000000e+00
      outer loop
         vertex -7.071068e+00 -6.717515e+01 1.060660e+01
         vertex 7.071068e+00 -6.717515e+01 1.060660e+01
         vertex 7.071068e+00 -6.217514e+01 1.060660e+01
      endloop
   endfacet
   facet normal -0.000000e+00 0.000000e+00 1.000000e+00
      outer loop
         vertex 7.071068e+00 -6.217514e+01 1.060660e+01
         vertex -7.071068e+00 -6.217514e+01 1.060660e+01
         vertex -7.071068e+00 -6.717515e+01 1.060660e+01
      endloop
   endfacet
   facet normal -1.000000e+00 0.000000e+00 0.000000e+00
      outer loop
         vertex 5.656854e+01 -6.717515e+01 6.010408e+01
         vertex 5.656854e+01 -6.717515e+01 7.424622e+01
         vertex 5.656854e+01 -6.217514e+01 7.424622e+01
      endloop
   endfacet
   facet normal -1.000000e+00 0.000000e+00 0.000000e+00
      outer loop
         vertex 5.656854e+01 -6.217514e+01 7.424622e+01
         vertex 5.656854e+01 -6.217514e+01 6.010408e+01
         vertex 5.656854e+01 -6.717515e+01 6.010408e+01
      endloop
   endfacet
   facet normal 0.000000e+00 0.000000e+00 -1.000000e+00
      outer loop
         vertex 7.071068e+00 -6.717515e+01 1.237437e+02
         vertex -7.071068e+00 -6.717515e+01 1.237437e+02
         vertex -7.071068e+00 -6.217514e+01 1.237437e+02
      endloop
   endfacet
   facet normal -0.000000e+00 -0.000000e+00 -1.000000e+00
      outer loop
         vertex -7.071068e+00 -6.217514e+01 1.237437e+02
         vertex 7.071068e+00 -6.217514e+01 1.237437e+02
         vertex 7.071068e+00 -6.717515e+01 1.237437e+02
      endloop
   endfacet
   facet normal 1.000000e+00 0.000000e+00 0.000000e+00
      outer loop
         vertex -5.656854e+01 -6.717515e+01 7.424622e+01
         vertex -5.656854e+01 -6.717515e+01 6.010408e+01
         vertex -5.656854e+01 -6.217514e+01 6.010408e+01
      endloop
   endfacet
   facet normal 1.000000e+00 0.000000e+00 0.000000e+00
      outer loop
         vertex -5.656854e+01 -6.217514e+01 6.010408e+01
         vertex -5.656854e+01 -6.217514e+01 7.424622e+01
         vertex -5.656854e+01 -6.717515e+01 7.424622e+01
      endloop
   endfacet
   facet normal 7.071068e-01 7.071068e-01 -0.000000e+00
      outer loop
         vertex 6.717515e+01 -6.717515e+01 7.071068e+01
         vertex 6.717515e+01 -6.717515e+01 6.363961e+01
         vertex 6.217514e+01 -6.217514e+01 5.863961e+01
      endloop
   endfacet
   facet normal 7.071068e-01 7.071068e-01 0.000000e+00
      outer loop
         vertex 6.217514e+01 -6.217514e+01 5.863961e+01
         vertex 6.217514e+01 -6.217514e+01 7.571068e+01
         vertex 6.717515e+01 -6.717515e+01 7.071068e+01
      endloop
   endfacet
   facet normal 0.000000e+00 7.071068e-01 -7.071068e-01
      outer loop
         vertex 3.535534e+00 -6.717515e+01 -3.797532e-06
         vertex -3.535534e+00 -6.717515e+01 -3.797532e-06
         vertex -8.535534e+00 -6.217514e+01 5.000000e+00
      endloop
   endfacet
   facet normal 0.000000e+00 7.071068e-01 -7.071068e-01
      outer loop
         vertex -8.535534e+00 -6.217514e+01 5.000000e+00
         vertex 8.535534e+00 -6.217514e+01 5.000000e+00
         vertex 3.535534e+00 -6.717515e+01 -3.797532e-06
      endloop
   endfacet
   facet normal -7.071068e-01 7.071068e-01 0.000000e+00
      outer loop
         vertex -6.717515e+01 -6.717515e+01 6.363961e+01
         vertex -6.717515e+01 -6.717515e+01 7.071068e+01
         vertex -6.217514e+01 -6.217514e+01 7.571068e+01
      endloop
   endfacet
   facet normal -7.071068e-01 7.071068e-01 0.000000e+00
      outer loop
         vertex -6.217514e+01 -6.217514e+01 7.571068e+01
         vertex -6.217514e+01 -6.217514e+01 5.863961e+01
         vertex -6.717515e+01 -6.717515e+01 6.363961e+01
      endloop
   endfacet
   facet normal 0.000000e+00 7.071065e-01 7.071071e-01
      outer loop
         vertex -3.535534e+00 -6.717515e+01 1.343503e+02
         vertex 3.535534e+00 -6.717515e+01 1.343503e+02
         vertex 8.535534e+00 -6.217514e+01 1.293503e+02
      endloop
   endfacet
   facet normal -0.000000e+00 7.071065e-01 7.071071e-01
      outer loop
         vertex 8.535534e+00 -6.217514e+01 1.293503e+02
         vertex -8.535534e+00 -6.217514e+01 1.293503e+02
         vertex -3.535534e+00 -6.717515e+01 1.343503e+02
      endloop
   endfacet
endsolid
